id,observed_on_string,observed_on,time_observed_at,time_zone,user_id,user_login,user_name,created_at,updated_at,quality_grade,license,url,image_url,sound_url,tag_list,description,num_identification_agreements,num_identification_disagreements,captive_cultivated,oauth_application_id,place_guess,latitude,longitude,positional_accuracy,private_place_guess,private_latitude,private_longitude,public_positional_accuracy,geoprivacy,taxon_geoprivacy,coordinates_obscured,positioning_method,positioning_device,place_town_name,place_county_name,place_state_name,place_country_name,place_admin1_name,place_admin2_name,species_guess,scientific_name,common_name,iconic_taxon_name,taxon_id
4908537,Wed Jan 04 2017 09:40:57 GMT+1100 (GMT+11),2017-01-04,2017-01-03 22:40:57 UTC,Asia/Magadan,125670,andrewtrevor-jones,Andrew Trevor-Jones,2017-01-07 20:54:22 UTC,2017-10-27 00:53:51 UTC,research,CC-BY-NC,https://www.inaturalist.org/observations/4908537,https://static.inaturalist.org/photos/5974766/medium.jpg,,"",,5,0,false,3,"New South Wales, AU",-34.1398934716,151.2687919161,,"Tasman Sea, Botany Bay, NSW, AU",-34.00529,151.22874167,28888,obscured,obscured,true,,,,Sutherland Shire - East,New South Wales,Australia,New South Wales,Sutherland Shire - East,Common Seadragon,Phyllopteryx taeniolatus,Weedy Seadragon,Actinopterygii,54536
8641475,2017/10/29 12:06 PM AEDT,2017-10-29,2017-10-29 01:06:00 UTC,Sydney,125670,andrewtrevor-jones,Andrew Trevor-Jones,2017-11-01 11:00:40 UTC,2017-11-02 03:39:45 UTC,research,CC-BY-NC,https://www.inaturalist.org/observations/8641475,https://static.inaturalist.org/photos/11568347/medium.jpg,,"Actinopteri, Animals, Fish, Phyllopteryx taeniolatus, Seahorses, Syngnathidae, Syngnathiformes, Vertebrata, Vertebrates, Weedy seadragon, pipefish and allies",I first spotted this seadragon on 23 September and he had a hole in his head and a new brood of eggs.  Five weeks later he still has a hole in his head but his eggs are hatching.,4,0,false,,"New South Wales, AU",-34.0082606155,151.2407102164,,"New South Wales, Australia",-34.00505,151.2293333333,28888,,obscured,true,,,,Sutherland Shire - East,New South Wales,Australia,New South Wales,Sutherland Shire - East,Common Seadragon,Phyllopteryx taeniolatus,Weedy Seadragon,Actinopterygii,54536
9675014,2018/01/27 12:55 PM AEDT,2018-01-27,2018-01-27 01:55:00 UTC,Sydney,125670,andrewtrevor-jones,Andrew Trevor-Jones,2018-01-31 00:46:23 UTC,2018-01-31 04:03:33 UTC,research,CC-BY-NC,https://www.inaturalist.org/observations/9675014,https://static.inaturalist.org/photos/13222350/medium.jpg,,"Actinopteri, Animals, Cochleoceps, Cochleoceps orientalis, Eastern cleaner-clingfish, Fish, Gobiesocidae, Gobiesociformes, Phyllopteryx taeniolatus, Seahorses, Syngnathidae, Syngnathiformes, Vertebrata, Vertebrates, Weedy seadragon, pipefish and allies","Cochleoceps orientalis, Phyllopteryx taeniolatus at The Leap. 18.7 m DSC_0416",5,0,false,,"New South Wales, AU",-34.0614127457,151.3988585813,,"Sutherland Shire - East, New South Wales, Australia",-34.0048,151.2295383333,28874,,obscured,true,,,,Sutherland Shire - East,New South Wales,Australia,New South Wales,Sutherland Shire - East,Common Seadragon,Phyllopteryx taeniolatus,Weedy Seadragon,Actinopterygii,54536
9903915,2018/02/17 8:44 AM AEDT,2018-02-17,2018-02-16 21:44:00 UTC,Sydney,125670,andrewtrevor-jones,Andrew Trevor-Jones,2018-02-18 07:53:38 UTC,2018-02-18 13:06:28 UTC,research,CC-BY-NC,https://www.inaturalist.org/observations/9903915,https://static.inaturalist.org/photos/13581854/medium.jpg,,"Actinopteri, Animals, Fish, Phyllopteryx taeniolatus, Seahorses, Syngnathidae, Syngnathiformes, Vertebrata, Vertebrates, Weedy seadragon, pipefish and allies",Phyllopteryx taeniolatus at The Leap. 17.9 m DSC_2073,3,0,false,,"New South Wales, AU",-34.086149054,151.3781526787,,"New South Wales, Australia",-34.0048,151.2295383333,28874,,obscured,true,,,,Sutherland Shire - East,New South Wales,Australia,New South Wales,Sutherland Shire - East,Common Seadragon,Phyllopteryx taeniolatus,Weedy Seadragon,Actinopterygii,54536
10065243,2018/03/03 8:46 AM AEDT,2018-03-03,2018-03-02 21:46:00 UTC,Sydney,125670,andrewtrevor-jones,Andrew Trevor-Jones,2018-03-03 07:21:41 UTC,2018-03-09 05:29:15 UTC,research,CC-BY-NC,https://www.inaturalist.org/observations/10065243,https://static.inaturalist.org/photos/13856783/medium.jpg,,"Actinopteri, Animals, Fish, Phyllopteryx taeniolatus, Seahorses, Syngnathidae, Syngnathiformes, Vertebrata, Vertebrates, Weedy seadragon, pipefish and allies",Phyllopteryx taeniolatus at The Leap. 18.9 m DSC_2820,2,0,false,,"New South Wales, AU",-34.0108532836,151.2464398437,,"New South Wales, Australia",-34.00505,151.2293333333,28874,,obscured,true,,,,Sutherland Shire - East,New South Wales,Australia,New South Wales,Sutherland Shire - East,Common Seadragon,Phyllopteryx taeniolatus,Weedy Seadragon,Actinopterygii,54536
10065245,2018/03/03 8:38 AM AEDT,2018-03-03,2018-03-02 21:38:00 UTC,Sydney,125670,andrewtrevor-jones,Andrew Trevor-Jones,2018-03-03 07:21:47 UTC,2018-03-09 05:28:51 UTC,research,CC-BY-NC,https://www.inaturalist.org/observations/10065245,https://static.inaturalist.org/photos/13856787/medium.jpg,,"Actinopteri, Animals, Fish, PT2016073101, Phyllopteryx taeniolatus, Seahorses, Syngnathidae, Syngnathiformes, Vertebrata, Vertebrates, Weedy seadragon, pipefish and allies","Phyllopteryx taeniolatus, PT2016073101 at The Leap. 20 m DSC_2804",2,0,false,,"New South Wales, AU",-34.0056327049,151.3389357984,,"New South Wales, Australia",-34.00505,151.2293333333,28874,,obscured,true,,,,Sutherland Shire - East,New South Wales,Australia,New South Wales,Sutherland Shire - East,Common Seadragon,Phyllopteryx taeniolatus,Weedy Seadragon,Actinopterygii,54536
10355093,2018/03/18 9:53 AM AEDT,2018-03-18,2018-03-17 22:53:00 UTC,Sydney,125670,andrewtrevor-jones,Andrew Trevor-Jones,2018-03-22 07:29:38 UTC,2019-11-13 12:07:08 UTC,research,CC-BY-NC,https://www.inaturalist.org/observations/10355093,https://static.inaturalist.org/photos/14363660/medium.jpg,,"Actinopteri, Animals, Fish, Phyllopteryx taeniolatus, Seahorses, Syngnathidae, Syngnathiformes, Vertebrata, Vertebrates, Weedy seadragon, pipefish and allies",Phyllopteryx taeniolatus at The Steps. 11.2 m DSC_4122,5,0,false,,"New South Wales, AU",-34.1426295844,151.3824465904,,"Sydney NSW, Australia",-34.0025866667,151.2251633333,28874,,obscured,true,,,,Sutherland Shire - East,New South Wales,Australia,New South Wales,Sutherland Shire - East,Weedy Seadragon,Phyllopteryx taeniolatus,Weedy Seadragon,Actinopterygii,54536
10521699,2018/03/31 8:54 AM AEDT,2018-03-31,2018-03-30 21:54:00 UTC,Sydney,125670,andrewtrevor-jones,Andrew Trevor-Jones,2018-03-31 05:20:13 UTC,2018-04-04 06:21:13 UTC,research,CC-BY-NC,https://www.inaturalist.org/observations/10521699,https://static.inaturalist.org/photos/14643929/medium.jpg,,"Actinopteri, Animals, Fish, Phyllopteryx taeniolatus, Seahorses, Syngnathidae, Syngnathiformes, Vertebrata, Vertebrates, Weedy seadragon, pipefish and allies",Phyllopteryx taeniolatus at The Leap. 18.4 m DSC_4693,3,0,false,,"New South Wales, AU",-34.1520691626,151.2522215597,,"New South Wales, Australia",-34.0048083333,151.2291666667,28874,,obscured,true,,,,Sutherland Shire - East,New South Wales,Australia,New South Wales,Sutherland Shire - East,Common Seadragon,Phyllopteryx taeniolatus,Weedy Seadragon,Actinopterygii,54536
13169425,2018/05/31 11:20 AM AEST,2018-05-31,2018-05-31 01:20:00 UTC,Brisbane,125670,andrewtrevor-jones,Andrew Trevor-Jones,2018-06-06 08:16:12 UTC,2018-06-06 12:33:17 UTC,research,CC-BY-NC,https://www.inaturalist.org/observations/13169425,https://static.inaturalist.org/photos/19232380/medium.jpg,,"Actinopteri, Animals, Fish, Phyllopteryx taeniolatus, Seahorses, Syngnathidae, Syngnathiformes, Vertebrata, Vertebrates, Weedy seadragon, pipefish and allies",Phyllopteryx taeniolatus at The Monument. 12.8 m DSC_9490,3,0,false,,"New South Wales, AU",-34.0337988409,151.3710521885,,"Sydney NSW, Australia",-34.000645,151.2207533333,28874,,obscured,true,,,,Sutherland Shire - East,New South Wales,Australia,New South Wales,Sutherland Shire - East,Common Seadragon,Phyllopteryx taeniolatus,Weedy Seadragon,Actinopterygii,54536
14309030,2018/07/08 12:50 PM AEST,2018-07-08,2018-07-08 02:50:00 UTC,Brisbane,125670,andrewtrevor-jones,Andrew Trevor-Jones,2018-07-13 07:37:46 UTC,2018-07-14 08:40:26 UTC,research,CC-BY-NC,https://www.inaturalist.org/observations/14309030,https://static.inaturalist.org/photos/21254410/medium.jpg,,"Actinopteri, Animals, Fish, PT2016073101, Phyllopteryx taeniolatus, Seahorses, Syngnathidae, Syngnathiformes, Vertebrata, Vertebrates, Weedy seadragon, pipefish and allies","Phyllopteryx taeniolatus, PT2016073101 at The Leap. 21.2 m DSC_1561",3,0,false,,"New South Wales, AU",-34.1124409201,151.3706084654,,"Kurnell NSW 2231, Australia",-34.0051,151.2291,28874,,obscured,true,,,,Sutherland Shire - East,New South Wales,Australia,New South Wales,Sutherland Shire - East,Common Seadragon,Phyllopteryx taeniolatus,Weedy Seadragon,Actinopterygii,54536
15510589,2018/08/01 10:46 AM AEST,2018-08-01,2018-08-01 00:46:00 UTC,Brisbane,125670,andrewtrevor-jones,Andrew Trevor-Jones,2018-08-16 21:53:52 UTC,2018-08-17 10:13:03 UTC,research,CC-BY-NC,https://www.inaturalist.org/observations/15510589,https://static.inaturalist.org/photos/23251096/medium.jpg,,"Actinopteri, Animals, Fish, Phyllopteryx taeniolatus, Seahorses, Syngnathidae, Syngnathiformes, Vertebrata, Vertebrates, Weedy seadragon, pipefish and allies",Phyllopteryx taeniolatus at The Leap. 19.4 m DSC_4039,4,0,false,,"New South Wales, AU",-34.1761308906,151.3885170259,,"Sutherland Shire - East, New South Wales, Australia",-34.00472,151.2291616667,28874,,obscured,true,,,,Sutherland Shire - East,New South Wales,Australia,New South Wales,Sutherland Shire - East,Common Seadragon,Phyllopteryx taeniolatus,Weedy Seadragon,Actinopterygii,54536
15715586,2018/08/18 11:19 AM AEST,2018-08-18,2018-08-18 01:19:00 UTC,Brisbane,125670,andrewtrevor-jones,Andrew Trevor-Jones,2018-08-20 06:38:28 UTC,2018-08-20 12:29:23 UTC,research,CC-BY-NC,https://www.inaturalist.org/observations/15715586,https://static.inaturalist.org/photos/23461746/medium.jpg,,"Actinopteri, Animals, Fish, Phyllopteryx taeniolatus, Seahorses, Syngnathidae, Syngnathiformes, Vertebrata, Vertebrates, Weedy seadragon, pipefish and allies",Phyllopteryx taeniolatus at The Leap. 11.3 m DSC_6012,4,0,false,,"New South Wales, AU",-34.0266361125,151.3274282176,,"Kurnell NSW 2231, Australia",-34.00503,151.2291383333,28874,,obscured,true,,,,Sutherland Shire - East,New South Wales,Australia,New South Wales,Sutherland Shire - East,Common Seadragon,Phyllopteryx taeniolatus,Weedy Seadragon,Actinopterygii,54536
15715587,2018/08/18 10:52 AM AEST,2018-08-18,2018-08-18 00:52:00 UTC,Brisbane,125670,andrewtrevor-jones,Andrew Trevor-Jones,2018-08-20 06:38:29 UTC,2018-08-20 12:29:17 UTC,research,CC-BY-NC,https://www.inaturalist.org/observations/15715587,https://static.inaturalist.org/photos/23461748/medium.jpg,,"Actinopteri, Animals, Fish, Phyllopteryx taeniolatus, Seahorses, Syngnathidae, Syngnathiformes, Vertebrata, Vertebrates, Weedy seadragon, pipefish and allies",Phyllopteryx taeniolatus at The Leap. 13.8 m DSC_5926,4,0,false,,"New South Wales, AU",-34.0258757736,151.2108718897,,"Botany Bay, Sutherland Shire - East, New South Wales, Australia",-34.00503,151.2291383333,28874,,obscured,true,,,,Sutherland Shire - East,New South Wales,Australia,New South Wales,Sutherland Shire - East,Common Seadragon,Phyllopteryx taeniolatus,Weedy Seadragon,Actinopterygii,54536
15715588,2018/08/18 10:27 AM AEST,2018-08-18,2018-08-18 00:27:00 UTC,Brisbane,125670,andrewtrevor-jones,Andrew Trevor-Jones,2018-08-20 06:38:29 UTC,2018-08-20 12:29:14 UTC,research,CC-BY-NC,https://www.inaturalist.org/observations/15715588,https://static.inaturalist.org/photos/23461750/medium.jpg,,"Actinopteri, Animals, Fish, Phyllopteryx taeniolatus, Seahorses, Syngnathidae, Syngnathiformes, Vertebrata, Vertebrates, Weedy seadragon, pipefish and allies",Phyllopteryx taeniolatus at The Leap. 17.4 m DSC_5873,4,0,false,,"New South Wales, AU",-34.176553873,151.3670658059,,"Kurnell NSW 2231, Australia",-34.00503,151.2291383333,28874,,obscured,true,,,,Sutherland Shire - East,New South Wales,Australia,New South Wales,Sutherland Shire - East,Common Seadragon,Phyllopteryx taeniolatus,Weedy Seadragon,Actinopterygii,54536
15715589,2018/08/18 10:24 AM AEST,2018-08-18,2018-08-18 00:24:00 UTC,Brisbane,125670,andrewtrevor-jones,Andrew Trevor-Jones,2018-08-20 06:38:33 UTC,2018-08-20 12:28:02 UTC,research,CC-BY-NC,https://www.inaturalist.org/observations/15715589,https://static.inaturalist.org/photos/23461760/medium.jpg,,"Actinopteri, Animals, Fish, Phyllopteryx taeniolatus, Seahorses, Syngnathidae, Syngnathiformes, Vertebrata, Vertebrates, Weedy seadragon, pipefish and allies",Phyllopteryx taeniolatus at The Leap. 17.7 m DSC_5852,4,0,false,,"New South Wales, AU",-34.1810249891,151.2237042706,,"Kurnell NSW 2231, Australia",-34.00503,151.2291383333,28874,,obscured,true,,,,Sutherland Shire - East,New South Wales,Australia,New South Wales,Sutherland Shire - East,Common Seadragon,Phyllopteryx taeniolatus,Weedy Seadragon,Actinopterygii,54536
15715593,2018/08/18 10:19 AM AEST,2018-08-18,2018-08-18 00:19:00 UTC,Brisbane,125670,andrewtrevor-jones,Andrew Trevor-Jones,2018-08-20 06:38:38 UTC,2018-08-20 12:28:00 UTC,research,CC-BY-NC,https://www.inaturalist.org/observations/15715593,https://static.inaturalist.org/photos/23461764/medium.jpg,,"Actinopteri, Animals, Fish, Phyllopteryx taeniolatus, Seahorses, Syngnathidae, Syngnathiformes, Vertebrata, Vertebrates, Weedy seadragon, pipefish and allies",Phyllopteryx taeniolatus at The Leap. 17.4 m DSC_5824,3,0,false,,"New South Wales, AU",-34.1300170709,151.3613864852,,"Kurnell NSW 2231, Australia",-34.00503,151.2291383333,28874,,obscured,true,,,,Sutherland Shire - East,New South Wales,Australia,New South Wales,Sutherland Shire - East,Common Seadragon,Phyllopteryx taeniolatus,Weedy Seadragon,Actinopterygii,54536
15715594,2018/08/18 10:05 AM AEST,2018-08-18,2018-08-18 00:05:00 UTC,Brisbane,125670,andrewtrevor-jones,Andrew Trevor-Jones,2018-08-20 06:38:42 UTC,2018-08-22 03:43:36 UTC,research,CC-BY-NC,https://www.inaturalist.org/observations/15715594,https://static.inaturalist.org/photos/23461765/medium.jpg,,"Actinopteri, Animals, Fish, Phyllopteryx taeniolatus, Seahorses, Syngnathidae, Syngnathiformes, Vertebrata, Vertebrates, Weedy seadragon, pipefish and allies",Phyllopteryx taeniolatus at The Leap. 19.8 m DSC_5792,5,0,false,,"New South Wales, AU",-34.0086724464,151.3116627715,,"Kurnell NSW 2231, Australia",-34.00503,151.2291383333,28874,,obscured,true,,,,Sutherland Shire - East,New South Wales,Australia,New South Wales,Sutherland Shire - East,Common Seadragon,Phyllopteryx taeniolatus,Weedy Seadragon,Actinopterygii,54536
15715595,2018/08/18 9:59 AM AEST,2018-08-18,2018-08-17 23:59:00 UTC,Brisbane,125670,andrewtrevor-jones,Andrew Trevor-Jones,2018-08-20 06:38:44 UTC,2018-08-20 12:27:58 UTC,research,CC-BY-NC,https://www.inaturalist.org/observations/15715595,https://static.inaturalist.org/photos/23461772/medium.jpg,,"Actinopteri, Animals, Fish, Phyllopteryx taeniolatus, Seahorses, Syngnathidae, Syngnathiformes, Vertebrata, Vertebrates, Weedy seadragon, pipefish and allies",Phyllopteryx taeniolatus at The Leap. 20.6 m DSC_5773,4,0,false,,"New South Wales, AU",-34.0434974964,151.2588213319,,"Botany Bay, Sutherland Shire - East, New South Wales, Australia",-34.00503,151.2291383333,28874,,obscured,true,,,,Sutherland Shire - East,New South Wales,Australia,New South Wales,Sutherland Shire - East,Common Seadragon,Phyllopteryx taeniolatus,Weedy Seadragon,Actinopterygii,54536
15715596,2018/08/18 10:03 AM AEST,2018-08-18,2018-08-18 00:03:00 UTC,Brisbane,125670,andrewtrevor-jones,Andrew Trevor-Jones,2018-08-20 06:38:45 UTC,2018-08-20 12:27:56 UTC,research,CC-BY-NC,https://www.inaturalist.org/observations/15715596,https://static.inaturalist.org/photos/23461767/medium.jpg,,"Actinopteri, Animals, Fish, Phyllopteryx taeniolatus, Seahorses, Syngnathidae, Syngnathiformes, Vertebrata, Vertebrates, Weedy seadragon, pipefish and allies",Phyllopteryx taeniolatus at The Leap. 20 m DSC_5777,4,0,false,,"New South Wales, AU",-34.0655450947,151.2877728291,,"Botany Bay, Sutherland Shire - East, New South Wales, Australia",-34.00503,151.2291383333,28874,,obscured,true,,,,Sutherland Shire - East,New South Wales,Australia,New South Wales,Sutherland Shire - East,Common Seadragon,Phyllopteryx taeniolatus,Weedy Seadragon,Actinopterygii,54536
15715597,2018/08/18 9:55 AM AEST,2018-08-18,2018-08-17 23:55:00 UTC,Brisbane,125670,andrewtrevor-jones,Andrew Trevor-Jones,2018-08-20 06:38:48 UTC,2018-08-20 12:27:54 UTC,research,CC-BY-NC,https://www.inaturalist.org/observations/15715597,https://static.inaturalist.org/photos/23461774/medium.jpg,,"Actinopteri, Animals, Fish, Phyllopteryx taeniolatus, Seahorses, Syngnathidae, Syngnathiformes, Vertebrata, Vertebrates, Weedy seadragon, pipefish and allies",Phyllopteryx taeniolatus at The Leap. 20.9 m DSC_5757,4,0,false,,"New South Wales, AU",-34.0155435527,151.2652217036,,"Kurnell NSW 2231, Australia",-34.00503,151.2291383333,28874,,obscured,true,,,,Sutherland Shire - East,New South Wales,Australia,New South Wales,Sutherland Shire - East,Common Seadragon,Phyllopteryx taeniolatus,Weedy Seadragon,Actinopterygii,54536
17184187,2018/10/04 12:13 PM AEST,2018-10-04,2018-10-04 02:13:00 UTC,Brisbane,125670,andrewtrevor-jones,Andrew Trevor-Jones,2018-10-04 11:55:42 UTC,2018-10-05 03:54:13 UTC,research,CC-BY-NC,https://www.inaturalist.org/observations/17184187,https://static.inaturalist.org/photos/26043752/medium.jpg,,"Actinopteri, Animals, Fish, Phyllopteryx taeniolatus, Seahorses, Syngnathidae, Syngnathiformes, Vertebrata, Vertebrates, Weedy seadragon, pipefish and allies",Phyllopteryx taeniolatus at The Steps. 12.7 m DSC_6652,4,0,false,,"New South Wales, AU",-34.1278386178,151.2801047652,,"Sutherland Shire - East, New South Wales, Australia",-34.00238,151.22545,28874,,obscured,true,,,,Sutherland Shire - East,New South Wales,Australia,New South Wales,Sutherland Shire - East,Common Seadragon,Phyllopteryx taeniolatus,Weedy Seadragon,Actinopterygii,54536
17184188,2018/10/04 12:10 PM AEST,2018-10-04,2018-10-04 02:10:00 UTC,Brisbane,125670,andrewtrevor-jones,Andrew Trevor-Jones,2018-10-04 11:55:46 UTC,2018-10-05 03:54:05 UTC,research,CC-BY-NC,https://www.inaturalist.org/observations/17184188,https://static.inaturalist.org/photos/26043756/medium.jpg,,"Actinopteri, Animals, Fish, Phyllopteryx taeniolatus, Seahorses, Syngnathidae, Syngnathiformes, Vertebrata, Vertebrates, Weedy seadragon, pipefish and allies",Phyllopteryx taeniolatus at The Steps. 12 m DSC_6639,5,0,false,,"New South Wales, AU",-34.0106806656,151.2921547416,,"Sutherland Shire - East, New South Wales, Australia",-34.00238,151.22545,28874,,obscured,true,,,,Sutherland Shire - East,New South Wales,Australia,New South Wales,Sutherland Shire - East,Common Seadragon,Phyllopteryx taeniolatus,Weedy Seadragon,Actinopterygii,54536
18309349,2018/11/10 11:41 AM AEDT,2018-11-10,2018-11-10 00:41:00 UTC,Sydney,125670,andrewtrevor-jones,Andrew Trevor-Jones,2018-11-10 18:44:41 UTC,2021-07-27 06:45:25 UTC,research,CC-BY-NC,https://www.inaturalist.org/observations/18309349,https://static.inaturalist.org/photos/27975081/medium.jpg,,"Actinopteri, Animals, Fish, Phyllopteryx taeniolatus, Seahorses, Syngnathidae, Syngnathiformes, Vertebrata, Vertebrates, Weedy seadragon, pipefish and allies",The tail of a hatchling poking from the egg on the tail of its father.  I suspect it is dead.,3,0,false,,"New South Wales, AU",-34.0966142423,151.3070002771,,"Sutherland Shire - East, New South Wales, Australia",-34.0023883333,151.2251883333,28874,,obscured,true,,,,Sutherland Shire - East,New South Wales,Australia,New South Wales,Sutherland Shire - East,Weedy Seadragon,Phyllopteryx taeniolatus,Weedy Seadragon,Actinopterygii,54536
18937743,2018/12/10 9:50 AM AEDT,2018-12-10,2018-12-09 22:50:00 UTC,Sydney,125670,andrewtrevor-jones,Andrew Trevor-Jones,2018-12-10 10:55:01 UTC,2018-12-24 22:05:27 UTC,research,CC-BY-NC,https://www.inaturalist.org/observations/18937743,https://static.inaturalist.org/photos/29030951/medium.jpg,,"Actinopteri, Animals, Fish, Phyllopteryx taeniolatus, Seahorses, Syngnathidae, Syngnathiformes, Vertebrata, Vertebrates, Weedy seadragon, pipefish and allies",Phyllopteryx taeniolatus at The Leap. 2.5 m DSC_2401,3,0,false,,"New South Wales, AU",-34.0589949846,151.3501631048,,"Botany Bay, Sutherland Shire - East, New South Wales, Australia",-34.0049616667,151.2290383333,28874,,obscured,true,,,,Sutherland Shire - East,New South Wales,Australia,New South Wales,Sutherland Shire - East,Weedy Seadragon,Phyllopteryx taeniolatus,Weedy Seadragon,Actinopterygii,54536
18937748,2018/12/08 8:28 AM AEDT,2018-12-08,2018-12-07 21:28:00 UTC,Sydney,125670,andrewtrevor-jones,Andrew Trevor-Jones,2018-12-10 10:55:11 UTC,2018-12-24 22:05:22 UTC,research,CC-BY-NC,https://www.inaturalist.org/observations/18937748,https://static.inaturalist.org/photos/29030958/medium.jpg,,"Actinopteri, Animals, Fish, PT2016073101, Phyllopteryx taeniolatus, Seahorses, Syngnathidae, Syngnathiformes, Vertebrata, Vertebrates, Weedy seadragon, pipefish and allies","Phyllopteryx taeniolatus, PT2016073101 at The Leap. 20 m DSC_1815",4,0,false,,"New South Wales, AU",-34.0079389643,151.2911017367,,"Botany Bay, Sutherland Shire - East, New South Wales, Australia",-34.00503,151.2291616667,28874,,obscured,true,,,,Sutherland Shire - East,New South Wales,Australia,New South Wales,Sutherland Shire - East,Weedy Seadragon,Phyllopteryx taeniolatus,Weedy Seadragon,Actinopterygii,54536
19210058,2018/12/16 11:32 AM AEDT,2018-12-16,2018-12-16 00:32:00 UTC,Sydney,125670,andrewtrevor-jones,Andrew Trevor-Jones,2018-12-25 08:50:12 UTC,2018-12-25 22:16:52 UTC,research,CC-BY-NC,https://www.inaturalist.org/observations/19210058,https://static.inaturalist.org/photos/29507465/medium.jpg,,"Actinopteri, Animals, Fish, Phyllopteryx taeniolatus, Seahorses, Syngnathidae, Syngnathiformes, Vertebrata, Vertebrates, Weedy seadragon, pipefish and allies",Phyllopteryx taeniolatus at Bare Island. 9.6 m DSC_3627,5,0,false,,"New South Wales, AU",-33.9577322739,151.3950911062,,"Randwick, New South Wales, Australia",-33.9924616667,151.2319883333,28902,,obscured,true,,,,Randwick,New South Wales,Australia,New South Wales,Randwick,Weedy Seadragon,Phyllopteryx taeniolatus,Weedy Seadragon,Actinopterygii,54536
19210059,2018/12/16 10:58 AM AEDT,2018-12-16,2018-12-15 23:58:00 UTC,Sydney,125670,andrewtrevor-jones,Andrew Trevor-Jones,2018-12-25 08:50:12 UTC,2018-12-26 22:40:40 UTC,research,CC-BY-NC,https://www.inaturalist.org/observations/19210059,https://static.inaturalist.org/photos/29507479/medium.jpg,,"Actinopteri, Animals, Fish, Phyllopteryx taeniolatus, Seahorses, Syngnathidae, Syngnathiformes, Vertebrata, Vertebrates, Weedy seadragon, pipefish and allies",Phyllopteryx taeniolatus at Bare Island. 10.1 m DSC_3544,5,0,false,,"New South Wales, AU",-33.8488223773,151.2890850448,,"Randwick, New South Wales, Australia",-33.9924616667,151.2319883333,28902,,obscured,true,,,,Randwick,New South Wales,Australia,New South Wales,Randwick,Weedy Seadragon,Phyllopteryx taeniolatus,Weedy Seadragon,Actinopterygii,54536
19972934,2019/01/13 1:24 PM AEDT,2019-01-13,2019-01-13 02:24:00 UTC,Sydney,125670,andrewtrevor-jones,Andrew Trevor-Jones,2019-01-30 19:23:45 UTC,2019-02-01 11:27:54 UTC,research,CC-BY-NC,https://www.inaturalist.org/observations/19972934,https://static.inaturalist.org/photos/30821846/medium.jpg,,"Actinopteri, Animals, Fish, Phyllopteryx taeniolatus, Seahorses, Syngnathidae, Syngnathiformes, Vertebrata, Vertebrates, Weedy seadragon, pipefish and allies",Phyllopteryx taeniolatus at The Leap. 14 m DSC_7502,2,0,false,,"New South Wales, AU",-34.1370573154,151.3242810144,,"Botany Bay, Sutherland Shire - East, New South Wales, Australia",-34.0050116667,151.22908,28874,,obscured,true,,,,Sutherland Shire - East,New South Wales,Australia,New South Wales,Sutherland Shire - East,Weedy Seadragon,Phyllopteryx taeniolatus,Weedy Seadragon,Actinopterygii,54536
19972964,2019/01/13 1:02 PM AEDT,2019-01-13,2019-01-13 02:02:00 UTC,Sydney,125670,andrewtrevor-jones,Andrew Trevor-Jones,2019-01-30 19:24:30 UTC,2019-02-01 11:26:15 UTC,research,CC-BY-NC,https://www.inaturalist.org/observations/19972964,https://static.inaturalist.org/photos/30821873/medium.jpg,,"Actinopteri, Animals, Fish, Phyllopteryx taeniolatus, Seahorses, Syngnathidae, Syngnathiformes, Vertebrata, Vertebrates, Weedy seadragon, pipefish and allies",Phyllopteryx taeniolatus at The Leap. 17.8 m DSC_7439,3,0,false,,"New South Wales, AU",-34.0184430844,151.3878365762,,"Botany Bay, Sutherland Shire - East, New South Wales, Australia",-34.0050116667,151.22908,28874,,obscured,true,,,,Sutherland Shire - East,New South Wales,Australia,New South Wales,Sutherland Shire - East,Weedy Seadragon,Phyllopteryx taeniolatus,Weedy Seadragon,Actinopterygii,54536
19972977,2019/01/13 12:50 PM AEDT,2019-01-13,2019-01-13 01:50:00 UTC,Sydney,125670,andrewtrevor-jones,Andrew Trevor-Jones,2019-01-30 19:24:41 UTC,2019-02-01 11:26:07 UTC,research,CC-BY-NC,https://www.inaturalist.org/observations/19972977,https://static.inaturalist.org/photos/30821882/medium.jpg,,"Actinopteri, Animals, Fish, Phyllopteryx taeniolatus, Seahorses, Syngnathidae, Syngnathiformes, Vertebrata, Vertebrates, Weedy seadragon, pipefish and allies",Idiotropiscis lumnitzeri at The Leap. 19.9 m DSC_7408,4,0,false,,"New South Wales, AU",-34.1673642558,151.2569136096,,"Botany Bay, Sutherland Shire - East, New South Wales, Australia",-34.0050116667,151.22908,28874,,obscured,true,,,,Sutherland Shire - East,New South Wales,Australia,New South Wales,Sutherland Shire - East,Weedy Seadragon,Phyllopteryx taeniolatus,Weedy Seadragon,Actinopterygii,54536
19972980,2019/01/13 12:49 PM AEDT,2019-01-13,2019-01-13 01:49:00 UTC,Sydney,125670,andrewtrevor-jones,Andrew Trevor-Jones,2019-01-30 19:24:44 UTC,2019-02-01 09:40:56 UTC,research,CC-BY-NC,https://www.inaturalist.org/observations/19972980,https://static.inaturalist.org/photos/30821891/medium.jpg,,"Actinopteri, Animals, Fish, Phyllopteryx taeniolatus, Seahorses, Syngnathidae, Syngnathiformes, Vertebrata, Vertebrates, Weedy seadragon, pipefish and allies",Idiotropiscis lumnitzeri at The Leap. 20.1 m DSC_7399,4,0,false,,"New South Wales, AU",-34.1153122905,151.3682286809,,"Botany Bay, Sutherland Shire - East, New South Wales, Australia",-34.0050116667,151.22908,28874,,obscured,true,,,,Sutherland Shire - East,New South Wales,Australia,New South Wales,Sutherland Shire - East,Weedy Seadragon,Phyllopteryx taeniolatus,Weedy Seadragon,Actinopterygii,54536
19972981,2019/01/13 12:50 PM AEDT,2019-01-13,2019-01-13 01:50:00 UTC,Sydney,125670,andrewtrevor-jones,Andrew Trevor-Jones,2019-01-30 19:24:45 UTC,2019-02-01 09:40:55 UTC,research,CC-BY-NC,https://www.inaturalist.org/observations/19972981,https://static.inaturalist.org/photos/30821889/medium.jpg,,"Actinopteri, Animals, Fish, Phyllopteryx taeniolatus, Seahorses, Syngnathidae, Syngnathiformes, Vertebrata, Vertebrates, Weedy seadragon, pipefish and allies",Idiotropiscis lumnitzeri at The Leap. 19.9 m DSC_7405,5,0,false,,"New South Wales, AU",-34.005398158,151.39329097,,"Botany Bay, Sutherland Shire - East, New South Wales, Australia",-34.0050116667,151.22908,28874,,obscured,true,,,,Sutherland Shire - East,New South Wales,Australia,New South Wales,Sutherland Shire - East,Weedy Seadragon,Phyllopteryx taeniolatus,Weedy Seadragon,Actinopterygii,54536
19972983,2019/01/13 12:45 PM AEDT,2019-01-13,2019-01-13 01:45:00 UTC,Sydney,125670,andrewtrevor-jones,Andrew Trevor-Jones,2019-01-30 19:24:47 UTC,2019-02-01 09:40:53 UTC,research,CC-BY-NC,https://www.inaturalist.org/observations/19972983,https://static.inaturalist.org/photos/30821892/medium.jpg,,"Clyde, Actinopteri, Animals, Fish, PT2016073101, Phyllopteryx taeniolatus, Seahorses, Syngnathidae, Syngnathiformes, Vertebrata, Vertebrates, Weedy seadragon, pipefish and allies","""Clyde"", Idiotropiscis lumnitzeri, PT2016073101 at The Leap. 21.1 m DSC_7387",4,0,false,,"New South Wales, AU",-34.169323191,151.2758065603,,"Botany Bay, Sutherland Shire - East, New South Wales, Australia",-34.0050116667,151.22908,28874,,obscured,true,,,,Sutherland Shire - East,New South Wales,Australia,New South Wales,Sutherland Shire - East,Weedy Seadragon,Phyllopteryx taeniolatus,Weedy Seadragon,Actinopterygii,54536
19972994,2019/01/13 12:38 PM AEDT,2019-01-13,2019-01-13 01:38:00 UTC,Sydney,125670,andrewtrevor-jones,Andrew Trevor-Jones,2019-01-30 19:25:01 UTC,2019-02-01 09:40:49 UTC,research,CC-BY-NC,https://www.inaturalist.org/observations/19972994,https://static.inaturalist.org/photos/30821905/medium.jpg,,"Actinopteri, Animals, Fish, Phyllopteryx taeniolatus, Seahorses, Syngnathidae, Syngnathiformes, Vertebrata, Vertebrates, Weedy seadragon, pipefish and allies",Phyllopteryx taeniolatus at The Leap. 21.4 m DSC_7369,4,0,false,,"New South Wales, AU",-34.0770463778,151.2277221973,,"Botany Bay, Sutherland Shire - East, New South Wales, Australia",-34.0050116667,151.22908,28874,,obscured,true,,,,Sutherland Shire - East,New South Wales,Australia,New South Wales,Sutherland Shire - East,Weedy Seadragon,Phyllopteryx taeniolatus,Weedy Seadragon,Actinopterygii,54536
21866608,2019/03/30 2:57 PM AEDT,2019-03-30,2019-03-30 03:57:00 UTC,Sydney,125670,andrewtrevor-jones,Andrew Trevor-Jones,2019-04-01 07:10:34 UTC,2019-04-01 13:44:16 UTC,research,CC-BY-NC,https://www.inaturalist.org/observations/21866608,https://static.inaturalist.org/photos/33877237/medium.jpg,,"Clyde, Actinopteri, Animals, Fish, PT2016073101, Phyllopteryx taeniolatus, Seahorses, Syngnathidae, Syngnathiformes, Vertebrata, Vertebrates, Weedy seadragon, pipefish and allies","""Clyde"", Phyllopteryx taeniolatus, PT2016073101 at The Leap. 20.8m DSC_1486",3,0,false,,"New South Wales, AU",-34.107395685,151.2058997429,,"Botany Bay, Sutherland Shire - East, New South Wales, Australia",-34.0051,151.2291116667,28874,,obscured,true,,,,Sutherland Shire - East,New South Wales,Australia,New South Wales,Sutherland Shire - East,Weedy Seadragon,Phyllopteryx taeniolatus,Weedy Seadragon,Actinopterygii,54536
25662777,2019/05/23 11:29 AM AEST,2019-05-23,2019-05-23 01:29:00 UTC,Sydney,125670,andrewtrevor-jones,Andrew Trevor-Jones,2019-05-24 07:29:13 UTC,2019-05-29 11:14:49 UTC,research,CC-BY-NC,https://www.inaturalist.org/observations/25662777,https://static.inaturalist.org/photos/39774664/medium.jpg,,"Actinopteri, Animals, Fish, Phyllopteryx taeniolatus, Seahorses, Syngnathidae, Syngnathiformes, Vertebrata, Vertebrates, Weedy seadragon, pipefish and allies",Phyllopteryx taeniolatus at The Leap. 12.7 m DSC_6110,3,0,false,,"New South Wales, AU",-34.1567616021,151.3102417259,,"Botany Bay, Sutherland Shire - East, New South Wales, Australia",-34.0051116667,151.22907,28874,,obscured,true,,,,Sutherland Shire - East,New South Wales,Australia,New South Wales,Sutherland Shire - East,Weedy Seadragon,Phyllopteryx taeniolatus,Weedy Seadragon,Actinopterygii,54536
25662780,2019/05/23 10:17 AM AEST,2019-05-23,2019-05-23 00:17:00 UTC,Sydney,125670,andrewtrevor-jones,Andrew Trevor-Jones,2019-05-24 07:29:18 UTC,2019-05-29 11:14:51 UTC,research,CC-BY-NC,https://www.inaturalist.org/observations/25662780,https://static.inaturalist.org/photos/39774671/medium.jpg,,"Actinopteri, Animals, Fish, Phyllopteryx taeniolatus, Seahorses, Syngnathidae, Syngnathiformes, Vertebrata, Vertebrates, Weedy seadragon, pipefish and allies",Phyllopteryx taeniolatus at The Leap. 20.2m DSC_5990,4,0,false,,"New South Wales, AU",-34.0024328229,151.2838050757,,"Botany Bay, Sutherland Shire - East, New South Wales, Australia",-34.0051116667,151.22907,28874,,obscured,true,,,,Sutherland Shire - East,New South Wales,Australia,New South Wales,Sutherland Shire - East,Weedy Seadragon,Phyllopteryx taeniolatus,Weedy Seadragon,Actinopterygii,54536
25662781,2019/05/23 10:15 AM AEST,2019-05-23,2019-05-23 00:15:00 UTC,Sydney,125670,andrewtrevor-jones,Andrew Trevor-Jones,2019-05-24 07:29:19 UTC,2019-05-29 11:14:47 UTC,research,CC-BY-NC,https://www.inaturalist.org/observations/25662781,https://static.inaturalist.org/photos/39774682/medium.jpg,,"Actinopteri, Animals, Fish, Phyllopteryx taeniolatus, Seahorses, Syngnathidae, Syngnathiformes, Vertebrata, Vertebrates, Weedy seadragon, pipefish and allies",Phyllopteryx taeniolatus at The Leap. 20.4 m DSC_5975,3,0,false,,"New South Wales, AU",-34.0556913101,151.3270834757,,"Kurnell NSW 2231, Australia",-34.0051116667,151.22907,28874,,obscured,true,,,,Sutherland Shire - East,New South Wales,Australia,New South Wales,Sutherland Shire - East,Weedy Seadragon,Phyllopteryx taeniolatus,Weedy Seadragon,Actinopterygii,54536
25662782,2019/05/23 10:13 AM AEST,2019-05-23,2019-05-23 00:13:00 UTC,Sydney,125670,andrewtrevor-jones,Andrew Trevor-Jones,2019-05-24 07:29:20 UTC,2019-05-29 11:14:45 UTC,research,CC-BY-NC,https://www.inaturalist.org/observations/25662782,https://static.inaturalist.org/photos/39774679/medium.jpg,,"Actinopteri, Animals, Fish, Phyllopteryx taeniolatus, Seahorses, Syngnathidae, Syngnathiformes, Vertebrata, Vertebrates, Weedy seadragon, pipefish and allies",Phyllopteryx taeniolatus at The Leap. 20.4m DSC_5958,3,0,false,,"New South Wales, AU",-34.0519436921,151.2138755262,,"Botany Bay, Sutherland Shire - East, New South Wales, Australia",-34.0051116667,151.22907,28874,,obscured,true,,,,Sutherland Shire - East,New South Wales,Australia,New South Wales,Sutherland Shire - East,Weedy Seadragon,Phyllopteryx taeniolatus,Weedy Seadragon,Actinopterygii,54536
28776177,2019/07/13 2:51 PM AEST,2019-07-13,2019-07-13 04:51:00 UTC,Sydney,125670,andrewtrevor-jones,Andrew Trevor-Jones,2019-07-14 03:57:53 UTC,2019-07-16 02:11:16 UTC,research,CC-BY-NC,https://www.inaturalist.org/observations/28776177,https://static.inaturalist.org/photos/44880025/medium.jpg,,"Actinopterygii, Animals, Fish, Phyllopteryx taeniolatus, Seahorses, Syngnathidae, Syngnathiformes, Vertebrata, Vertebrates, Weedy seadragon, pipefish and allies",Phyllopteryx taeniolatus at The Steps. 12.5m DSC_7369,5,0,false,,"New South Wales, AU",-34.1269010995,151.3373267713,,"Sydney NSW, Australia",-34.0024883333,151.22538,28874,,obscured,true,,,,Sutherland Shire - East,New South Wales,Australia,New South Wales,Sutherland Shire - East,Weedy Seadragon,Phyllopteryx taeniolatus,Weedy Seadragon,Actinopterygii,54536
28776182,2019/07/13 1:42 PM AEST,2019-07-13,2019-07-13 03:42:00 UTC,Sydney,125670,andrewtrevor-jones,Andrew Trevor-Jones,2019-07-14 03:57:59 UTC,2019-07-14 09:58:02 UTC,research,CC-BY-NC,https://www.inaturalist.org/observations/28776182,https://static.inaturalist.org/photos/44880075/medium.jpg,,"Actinopterygii, Animals, Fish, Phyllopteryx taeniolatus, Seahorses, Syngnathidae, Syngnathiformes, Vertebrata, Vertebrates, Weedy seadragon, pipefish and allies",Phyllopteryx taeniolatus at The Steps. 12.2m DSC_7294,4,0,false,,"New South Wales, AU",-34.12471377,151.2577743263,,"Sutherland Shire - East, New South Wales, Australia",-34.0024883333,151.22538,28874,,obscured,true,,,,Sutherland Shire - East,New South Wales,Australia,New South Wales,Sutherland Shire - East,Weedy Seadragon,Phyllopteryx taeniolatus,Weedy Seadragon,Actinopterygii,54536
31319080,2019/07/20 8:50 AM AEST,2019-07-20,2019-07-19 22:50:00 UTC,Sydney,125670,andrewtrevor-jones,Andrew Trevor-Jones,2019-08-22 23:59:12 UTC,2019-08-23 13:06:12 UTC,research,CC-BY-NC,https://www.inaturalist.org/observations/31319080,https://static.inaturalist.org/photos/49007092/medium.jpg,,"Actinopterygii, Animals, Fish, Phyllopteryx taeniolatus, Seahorses, Syngnathidae, Syngnathiformes, Vertebrata, Vertebrates, Weedy seadragon, pipefish and allies",Phyllopteryx taeniolatus at The Steps. 12.8 m DSC_7396,4,0,false,,"New South Wales, AU",-34.0287935904,151.2243024442,,"Sutherland Shire - East, New South Wales, Australia",-34.00238,151.22528,28874,,obscured,true,,,,Sutherland Shire - East,New South Wales,Australia,New South Wales,Sutherland Shire - East,Weedy Seadragon,Phyllopteryx taeniolatus,Weedy Seadragon,Actinopterygii,54536
31594974,2019/07/21 10:42 AM AEST,2019-07-21,2019-07-21 00:42:00 UTC,Sydney,125670,andrewtrevor-jones,Andrew Trevor-Jones,2019-08-27 05:53:32 UTC,2019-08-27 13:29:08 UTC,research,CC-BY-NC,https://www.inaturalist.org/observations/31594974,https://static.inaturalist.org/photos/49463784/medium.jpg,,"Actinopterygii, Animals, Fish, Phyllopteryx taeniolatus, Seahorses, Syngnathidae, Syngnathiformes, Vertebrata, Vertebrates, Weedy seadragon, pipefish and allies",Phyllopteryx taeniolatus at The Monument. 13.5m DSC_7547,4,0,false,,"New South Wales, AU",-34.142811751,151.2895304584,,"Sutherland Shire - East, New South Wales, Australia",-34.00172,151.22428,28874,,obscured,true,,,,Sutherland Shire - East,New South Wales,Australia,New South Wales,Sutherland Shire - East,Weedy Seadragon,Phyllopteryx taeniolatus,Weedy Seadragon,Actinopterygii,54536
31594976,2019/07/21 10:30 AM AEST,2019-07-21,2019-07-21 00:30:00 UTC,Sydney,125670,andrewtrevor-jones,Andrew Trevor-Jones,2019-08-27 05:53:34 UTC,2019-08-27 13:29:05 UTC,research,CC-BY-NC,https://www.inaturalist.org/observations/31594976,https://static.inaturalist.org/photos/49463794/medium.jpg,,"Actinopterygii, Animals, Fish, Phyllopteryx taeniolatus, Seahorses, Syngnathidae, Syngnathiformes, Vertebrata, Vertebrates, Weedy seadragon, pipefish and allies",Phyllopteryx taeniolatus at The Monument. 13.1m DSC_7529,4,0,false,,"New South Wales, AU",-34.1408375961,151.2411529363,,"Sutherland Shire - East, New South Wales, Australia",-34.00172,151.22428,28874,,obscured,true,,,,Sutherland Shire - East,New South Wales,Australia,New South Wales,Sutherland Shire - East,Weedy Seadragon,Phyllopteryx taeniolatus,Weedy Seadragon,Actinopterygii,54536
31594979,2019/07/21 9:46 AM AEST,2019-07-21,2019-07-20 23:46:00 UTC,Sydney,125670,andrewtrevor-jones,Andrew Trevor-Jones,2019-08-27 05:53:38 UTC,2019-08-27 13:29:02 UTC,research,CC-BY-NC,https://www.inaturalist.org/observations/31594979,https://static.inaturalist.org/photos/49463827/medium.jpg,,"Actinopterygii, Animals, Fish, Phyllopteryx taeniolatus, Seahorses, Syngnathidae, Syngnathiformes, Vertebrata, Vertebrates, Weedy seadragon, pipefish and allies",Phyllopteryx taeniolatus at The Monument. 12.4m DSC_7485,3,0,false,,"New South Wales, AU",-34.05724089,151.382689892,,"Sutherland Shire - East, New South Wales, Australia",-34.00172,151.22428,28874,,obscured,true,,,,Sutherland Shire - East,New South Wales,Australia,New South Wales,Sutherland Shire - East,Weedy Seadragon,Phyllopteryx taeniolatus,Weedy Seadragon,Actinopterygii,54536
32575034,2019/09/07 1:23 PM AEST,2019-09-07,2019-09-07 03:23:00 UTC,Sydney,125670,andrewtrevor-jones,Andrew Trevor-Jones,2019-09-12 08:12:30 UTC,2019-09-12 13:06:47 UTC,research,CC-BY-NC,https://www.inaturalist.org/observations/32575034,https://static.inaturalist.org/photos/51104790/medium.jpg,,"Actinopterygii, Animals, Fish, Phyllopteryx taeniolatus, Seahorses, Syngnathidae, Syngnathiformes, Vertebrata, Vertebrates, Weedy seadragon, pipefish and allies",Phyllopteryx taeniolatus at The Steps. 13.1m DSC_7801,6,0,false,,"New South Wales, AU",-34.0424381782,151.3252094016,,"Sydney NSW, Australia",-34.0024,151.2255383333,28874,,obscured,true,,,,Sutherland Shire - East,New South Wales,Australia,New South Wales,Sutherland Shire - East,Weedy Seadragon,Phyllopteryx taeniolatus,Weedy Seadragon,Actinopterygii,54536
34769650,2019/10/19 12:06 PM AEDT,2019-10-19,2019-10-19 01:06:00 UTC,Sydney,125670,andrewtrevor-jones,Andrew Trevor-Jones,2019-10-23 04:47:11 UTC,2019-10-23 15:51:20 UTC,research,CC-BY-NC,https://www.inaturalist.org/observations/34769650,https://static.inaturalist.org/photos/54762440/medium.jpg,,"Actinopterygii, Animals, Fish, Phyllopteryx taeniolatus, Seahorses, Syngnathidae, Syngnathiformes, Vertebrata, Vertebrates, Weedy seadragon, pipefish and allies",Phyllopteryx taeniolatus at The Monument. 14m DSC_8434,3,0,false,,"New South Wales, AU",-34.023975467,151.2668326654,,"Sydney NSW, Australia",-34.0015116667,151.22408,28874,,obscured,true,,,,Sutherland Shire - East,New South Wales,Australia,New South Wales,Sutherland Shire - East,Weedy Seadragon,Phyllopteryx taeniolatus,Weedy Seadragon,Actinopterygii,54536
34769654,2019/10/19 12:03 PM AEDT,2019-10-19,2019-10-19 01:03:00 UTC,Sydney,125670,andrewtrevor-jones,Andrew Trevor-Jones,2019-10-23 04:47:15 UTC,2019-10-23 15:51:09 UTC,research,CC-BY-NC,https://www.inaturalist.org/observations/34769654,https://static.inaturalist.org/photos/54762451/medium.jpg,,"Actinopterygii, Animals, Fish, Phyllopteryx taeniolatus, Seahorses, Syngnathidae, Syngnathiformes, Vertebrata, Vertebrates, Weedy seadragon, pipefish and allies",Phyllopteryx taeniolatus at The Monument. 13.6m DSC_8403,2,0,false,,"New South Wales, AU",-34.0681137114,151.3772503126,,"Sydney NSW, Australia",-34.0015116667,151.22408,28874,,obscured,true,,,,Sutherland Shire - East,New South Wales,Australia,New South Wales,Sutherland Shire - East,Weedy Seadragon,Phyllopteryx taeniolatus,Weedy Seadragon,Actinopterygii,54536
35273904,2019/11/03 12:51 PM AEDT,2019-11-03,2019-11-03 01:51:00 UTC,Sydney,125670,andrewtrevor-jones,Andrew Trevor-Jones,2019-11-04 05:04:08 UTC,2019-11-06 03:26:13 UTC,research,CC-BY-NC,https://www.inaturalist.org/observations/35273904,https://static.inaturalist.org/photos/55604744/medium.jpg,,"Actinopterygii, Animals, Fish, Phyllopteryx taeniolatus, Seahorses, Syngnathidae, Syngnathiformes, Vertebrata, Vertebrates, Weedy seadragon, pipefish and allies",Phyllopteryx taeniolatus at The Monument. 13.6m DSC_9337,3,0,false,,"New South Wales, AU",-34.1754556703,151.3906240712,,"Sydney NSW, Australia",-34.0015116667,151.2241616667,28874,,obscured,true,,,,Sutherland Shire - East,New South Wales,Australia,New South Wales,Sutherland Shire - East,Weedy Seadragon,Phyllopteryx taeniolatus,Weedy Seadragon,Actinopterygii,54536
35273905,2019/11/03 12:56 PM AEDT,2019-11-03,2019-11-03 01:56:00 UTC,Sydney,125670,andrewtrevor-jones,Andrew Trevor-Jones,2019-11-04 05:04:08 UTC,2019-11-04 15:04:59 UTC,research,CC-BY-NC,https://www.inaturalist.org/observations/35273905,https://static.inaturalist.org/photos/55604735/medium.jpg,,"Actinopterygii, Animals, Fish, Phyllopteryx taeniolatus, Seahorses, Syngnathidae, Syngnathiformes, Vertebrata, Vertebrates, Weedy seadragon, pipefish and allies",Phyllopteryx taeniolatus at The Monument. 13.6m DSC_9369,2,0,false,,"New South Wales, AU",-34.1087135968,151.3003367555,,"Sydney NSW, Australia",-34.0015116667,151.2241616667,28874,,obscured,true,,,,Sutherland Shire - East,New South Wales,Australia,New South Wales,Sutherland Shire - East,Weedy Seadragon,Phyllopteryx taeniolatus,Weedy Seadragon,Actinopterygii,54536
35273907,2019/11/03 12:46 PM AEDT,2019-11-03,2019-11-03 01:46:00 UTC,Sydney,125670,andrewtrevor-jones,Andrew Trevor-Jones,2019-11-04 05:04:10 UTC,2019-11-04 15:04:57 UTC,research,CC-BY-NC,https://www.inaturalist.org/observations/35273907,https://static.inaturalist.org/photos/55604739/medium.jpg,,"Actinopterygii, Animals, Fish, Phyllopteryx taeniolatus, Seahorses, Syngnathidae, Syngnathiformes, Vertebrata, Vertebrates, Weedy seadragon, pipefish and allies",Phyllopteryx taeniolatus at The Monument. 13m DSC_9320,2,0,false,,"New South Wales, AU",-34.1115259951,151.3358661889,,"Sydney NSW, Australia",-34.0015116667,151.2241616667,28874,,obscured,true,,,,Sutherland Shire - East,New South Wales,Australia,New South Wales,Sutherland Shire - East,Weedy Seadragon,Phyllopteryx taeniolatus,Weedy Seadragon,Actinopterygii,54536
35273914,2019/11/03 12:12 PM AEDT,2019-11-03,2019-11-03 01:12:00 UTC,Sydney,125670,andrewtrevor-jones,Andrew Trevor-Jones,2019-11-04 05:04:14 UTC,2019-12-26 13:57:01 UTC,research,CC-BY-NC,https://www.inaturalist.org/observations/35273914,https://static.inaturalist.org/photos/55604763/medium.jpg,,"Actinopterygii, Animals, Fish, Phyllopteryx taeniolatus, Seahorses, Syngnathidae, Syngnathiformes, Vertebrata, Vertebrates, Weedy seadragon, pipefish and allies",Phyllopteryx taeniolatus at The Monument. 12.5m DSC_9297,1,0,false,,"New South Wales, AU",-34.0486852269,151.3760643419,,"Sutherland Shire - East, New South Wales, Australia",-34.0015116667,151.2241616667,28874,,obscured,true,,,,Sutherland Shire - East,New South Wales,Australia,New South Wales,Sutherland Shire - East,Weedy Seadragon,Phyllopteryx taeniolatus,Weedy Seadragon,Actinopterygii,54536
35520118,2019/11/10 9:42 AM AEDT,2019-11-10,2019-11-09 22:42:00 UTC,Sydney,125670,andrewtrevor-jones,Andrew Trevor-Jones,2019-11-10 07:16:36 UTC,2019-11-11 22:10:55 UTC,research,CC-BY-NC,https://www.inaturalist.org/observations/35520118,https://static.inaturalist.org/photos/56017152/medium.jpg,,"Actinopterygii, Animals, Fish, Phyllopteryx taeniolatus, Seahorses, Syngnathidae, Syngnathiformes, Vertebrata, Vertebrates, Weedy seadragon, pipefish and allies",I saw this male Common Seadragon twice on today's dive.  At 8:20am he didn't have any eggs.  I saw him again at 9:42am and he had brand new eggs.,4,0,false,,"New South Wales, AU",-34.0578129805,151.2033102312,,"Sydney NSW, Australia",-34.0025,151.22535,28874,,obscured,true,,,,Sutherland Shire - East,New South Wales,Australia,New South Wales,Sutherland Shire - East,Weedy Seadragon,Phyllopteryx taeniolatus,Weedy Seadragon,Actinopterygii,54536
35599280,2019/11/10 9:41 AM AEDT,2019-11-10,2019-11-09 22:41:00 UTC,Sydney,125670,andrewtrevor-jones,Andrew Trevor-Jones,2019-11-12 05:03:21 UTC,2019-11-12 20:18:34 UTC,research,CC-BY-NC,https://www.inaturalist.org/observations/35599280,https://static.inaturalist.org/photos/56150830/medium.jpg,,"Actinopterygii, Animals, Fish, Phyllopteryx taeniolatus, Seahorses, Syngnathidae, Syngnathiformes, Vertebrata, Vertebrates, Weedy seadragon, pipefish and allies",Phyllopteryx taeniolatus at The Steps. 12.4m DSC_9615,3,0,false,,"New South Wales, AU",-34.1514782259,151.2093711882,,"Sydney NSW, Australia",-34.0025,151.22535,28874,,obscured,true,,,,Sutherland Shire - East,New South Wales,Australia,New South Wales,Sutherland Shire - East,Weedy Seadragon,Phyllopteryx taeniolatus,Weedy Seadragon,Actinopterygii,54536
35599298,2019/11/10 8:25 AM AEDT,2019-11-10,2019-11-09 21:25:00 UTC,Sydney,125670,andrewtrevor-jones,Andrew Trevor-Jones,2019-11-12 05:03:41 UTC,2019-11-12 20:18:19 UTC,research,CC-BY-NC,https://www.inaturalist.org/observations/35599298,https://static.inaturalist.org/photos/56150977/medium.jpg,,"Actinopterygii, Animals, Fish, Phyllopteryx taeniolatus, Seahorses, Syngnathidae, Syngnathiformes, Vertebrata, Vertebrates, Weedy seadragon, pipefish and allies",Phyllopteryx taeniolatus at The Steps. 13.4m DSC_9431,4,0,false,,"New South Wales, AU",-34.1770427356,151.3942796467,,"Sutherland Shire - East, New South Wales, Australia",-34.0025,151.22535,28874,,obscured,true,,,,Sutherland Shire - East,New South Wales,Australia,New South Wales,Sutherland Shire - East,Weedy Seadragon,Phyllopteryx taeniolatus,Weedy Seadragon,Actinopterygii,54536
35632390,2019/10/27 8:40 AM AEDT,2019-10-27,2019-10-26 21:40:00 UTC,Sydney,125670,andrewtrevor-jones,Andrew Trevor-Jones,2019-11-13 04:12:20 UTC,2020-08-15 13:58:46 UTC,research,CC-BY-NC,https://www.inaturalist.org/observations/35632390,https://static.inaturalist.org/photos/56206070/medium.jpg,,"Actinopterygii, Animals, Fish, Phyllopteryx taeniolatus, Seahorses, Syngnathidae, Syngnathiformes, Vertebrata, Vertebrates, Weedy seadragon, pipefish and allies",Phyllopteryx taeniolatus at The Steps. 12m DSC_8826,3,0,false,,"New South Wales, AU",-34.1322638842,151.3886581159,,"Sutherland Shire - East, New South Wales, Australia",-34.0025616667,151.22533,28874,,obscured,true,,,,Sutherland Shire - East,New South Wales,Australia,New South Wales,Sutherland Shire - East,Weedy Seadragon,Phyllopteryx taeniolatus,Weedy Seadragon,Actinopterygii,54536
35632393,2019/10/27 8:29 AM AEDT,2019-10-27,2019-10-26 21:29:00 UTC,Sydney,125670,andrewtrevor-jones,Andrew Trevor-Jones,2019-11-13 04:12:23 UTC,2019-11-13 13:12:06 UTC,research,CC-BY-NC,https://www.inaturalist.org/observations/35632393,https://static.inaturalist.org/photos/56206094/medium.jpg,,"Actinopterygii, Animals, Fish, Phyllopteryx taeniolatus, Seahorses, Syngnathidae, Syngnathiformes, Vertebrata, Vertebrates, Weedy seadragon, pipefish and allies",Phyllopteryx taeniolatus at The Steps. 13.3m DSC_8797,3,0,false,,"New South Wales, AU",-34.1245023942,151.2084307724,,"Sutherland Shire - East, New South Wales, Australia",-34.0025616667,151.22533,28874,,obscured,true,,,,Sutherland Shire - East,New South Wales,Australia,New South Wales,Sutherland Shire - East,Weedy Seadragon,Phyllopteryx taeniolatus,Weedy Seadragon,Actinopterygii,54536
35632397,2019/10/27 8:24 AM AEDT,2019-10-27,2019-10-26 21:24:00 UTC,Sydney,125670,andrewtrevor-jones,Andrew Trevor-Jones,2019-11-13 04:12:28 UTC,2019-11-15 08:23:14 UTC,research,CC-BY-NC,https://www.inaturalist.org/observations/35632397,https://static.inaturalist.org/photos/56206172/medium.jpg,,"Actinopterygii, Animals, Fish, Phyllopteryx taeniolatus, Seahorses, Syngnathidae, Syngnathiformes, Vertebrata, Vertebrates, Weedy seadragon, pipefish and allies",Phyllopteryx taeniolatus at The Steps. 12.4 m DSC_8771,3,0,false,,"New South Wales, AU",-34.0124094146,151.2284497401,,"Sydney NSW, Australia",-34.0025616667,151.22533,28874,,obscured,true,,,,Sutherland Shire - East,New South Wales,Australia,New South Wales,Sutherland Shire - East,Weedy Seadragon,Phyllopteryx taeniolatus,Weedy Seadragon,Actinopterygii,54536
35899862,2019/11/17 12:19 PM AEDT,2019-11-17,2019-11-17 01:19:00 UTC,Sydney,125670,andrewtrevor-jones,Andrew Trevor-Jones,2019-11-20 22:52:16 UTC,2019-11-21 10:08:43 UTC,research,CC-BY-NC,https://www.inaturalist.org/observations/35899862,https://static.inaturalist.org/photos/56667475/medium.jpg,,"Actinopterygii, Animals, Fish, Phyllopteryx taeniolatus, Seahorses, Syngnathidae, Syngnathiformes, Vertebrata, Vertebrates, Weedy seadragon, pipefish and allies",Phyllopteryx taeniolatus at The Leap. 13.3m DSC_9787,4,0,false,,"New South Wales, AU",-34.01254885,151.397909828,,"New South Wales, Australia",-34.00443,151.22928,28874,,obscured,true,,,,Sutherland Shire - East,New South Wales,Australia,New South Wales,Sutherland Shire - East,Weedy Seadragon,Phyllopteryx taeniolatus,Weedy Seadragon,Actinopterygii,54536
35899877,2019/11/17 11:21 AM AEDT,2019-11-17,2019-11-17 00:21:00 UTC,Sydney,125670,andrewtrevor-jones,Andrew Trevor-Jones,2019-11-20 22:52:34 UTC,2019-11-21 10:08:10 UTC,research,CC-BY-NC,https://www.inaturalist.org/observations/35899877,https://static.inaturalist.org/photos/56668509/medium.jpg,,"Actinopterygii, Animals, Fish, Phyllopteryx taeniolatus, Seahorses, Syngnathidae, Syngnathiformes, Vertebrata, Vertebrates, Weedy seadragon, pipefish and allies",Phyllopteryx taeniolatus at The Leap. 18.4m DSC_9682,4,0,false,,"New South Wales, AU",-34.1707781992,151.2287472491,,"Sutherland Shire - East, New South Wales, Australia",-34.00443,151.22928,28874,,obscured,true,,,,Sutherland Shire - East,New South Wales,Australia,New South Wales,Sutherland Shire - East,Weedy Seadragon,Phyllopteryx taeniolatus,Weedy Seadragon,Actinopterygii,54536
35899881,2019/11/17 11:11 AM AEDT,2019-11-17,2019-11-17 00:11:00 UTC,Sydney,125670,andrewtrevor-jones,Andrew Trevor-Jones,2019-11-20 22:52:38 UTC,2019-11-21 10:27:10 UTC,research,CC-BY-NC,https://www.inaturalist.org/observations/35899881,https://static.inaturalist.org/photos/56668959/medium.jpg,,"Actinopterygii, Animals, Fish, Phyllopteryx taeniolatus, Seahorses, Syngnathidae, Syngnathiformes, Vertebrata, Vertebrates, Weedy seadragon, pipefish and allies",Phyllopteryx taeniolatus at The Leap. 19.7m DSC_9656,5,0,false,,"New South Wales, AU",-34.0436595622,151.2882667316,,"Sutherland Shire - East, New South Wales, Australia",-34.00443,151.22928,28874,,obscured,true,,,,Sutherland Shire - East,New South Wales,Australia,New South Wales,Sutherland Shire - East,Weedy Seadragon,Phyllopteryx taeniolatus,Weedy Seadragon,Actinopterygii,54536
35899885,2019/11/17 11:07 AM AEDT,2019-11-17,2019-11-17 00:07:00 UTC,Sydney,125670,andrewtrevor-jones,Andrew Trevor-Jones,2019-11-20 22:52:47 UTC,2019-11-21 10:07:55 UTC,research,CC-BY-NC,https://www.inaturalist.org/observations/35899885,https://static.inaturalist.org/photos/56668976/medium.jpg,,"Actinopterygii, Animals, Fish, Phyllopteryx taeniolatus, Seahorses, Syngnathidae, Syngnathiformes, Vertebrata, Vertebrates, Weedy seadragon, pipefish and allies",Phyllopteryx taeniolatus at The Leap. 19.6m DSC_9652,4,0,false,,"New South Wales, AU",-34.1620670916,151.2271782178,,"Sutherland Shire - East, New South Wales, Australia",-34.00443,151.22928,28874,,obscured,true,,,,Sutherland Shire - East,New South Wales,Australia,New South Wales,Sutherland Shire - East,Weedy Seadragon,Phyllopteryx taeniolatus,Weedy Seadragon,Actinopterygii,54536
36153388,2019/11/23 3:11 PM AEDT,2019-11-23,2019-11-23 04:11:00 UTC,Sydney,125670,andrewtrevor-jones,Andrew Trevor-Jones,2019-11-28 06:14:32 UTC,2019-11-29 02:20:31 UTC,research,CC-BY-NC,https://www.inaturalist.org/observations/36153388,https://static.inaturalist.org/photos/57114228/medium.jpg,,"Actinopterygii, Animals, Fish, Phyllopteryx taeniolatus, Seahorses, Syngnathidae, Syngnathiformes, Vertebrata, Vertebrates, Weedy seadragon, pipefish and allies",Phyllopteryx taeniolatus at The Monument. 12.8m DSC_0029,2,0,false,,"New South Wales, AU",-34.1062021082,151.2802633481,,"Sydney NSW, Australia",-34.0012616667,151.2238383333,28874,,obscured,true,,,,Sutherland Shire - East,New South Wales,Australia,New South Wales,Sutherland Shire - East,Weedy Seadragon,Phyllopteryx taeniolatus,Weedy Seadragon,Actinopterygii,54536
36153390,2019/11/23 3:05 PM AEDT,2019-11-23,2019-11-23 04:05:00 UTC,Sydney,125670,andrewtrevor-jones,Andrew Trevor-Jones,2019-11-28 06:14:36 UTC,2021-01-10 17:50:44 UTC,research,CC-BY-NC,https://www.inaturalist.org/observations/36153390,https://static.inaturalist.org/photos/57114240/medium.jpg,,"Actinopterygii, Animals, Fish, Phyllopteryx taeniolatus, Seahorses, Syngnathidae, Syngnathiformes, Vertebrata, Vertebrates, Weedy seadragon, pipefish and allies",Phyllopteryx taeniolatus at The Monument. 12.7m DSC_9999,1,0,false,,"New South Wales, AU",-34.0067102787,151.2833132087,,"Sutherland Shire - East, New South Wales, Australia",-34.0012616667,151.2238383333,28874,,obscured,true,,,,Sutherland Shire - East,New South Wales,Australia,New South Wales,Sutherland Shire - East,Weedy Seadragon,Phyllopteryx taeniolatus,Weedy Seadragon,Actinopterygii,54536
36153392,2019/11/23 3:07 PM AEDT,2019-11-23,2019-11-23 04:07:00 UTC,Sydney,125670,andrewtrevor-jones,Andrew Trevor-Jones,2019-11-28 06:14:40 UTC,2019-11-29 02:20:26 UTC,research,CC-BY-NC,https://www.inaturalist.org/observations/36153392,https://static.inaturalist.org/photos/57114245/medium.jpg,,"Actinopterygii, Animals, Fish, Phyllopteryx taeniolatus, Seahorses, Syngnathidae, Syngnathiformes, Vertebrata, Vertebrates, Weedy seadragon, pipefish and allies",Phyllopteryx taeniolatus at The Monument. 12.8m DSC_0008,2,0,false,,"New South Wales, AU",-34.0143555366,151.2369269763,,"Sutherland Shire - East, New South Wales, Australia",-34.0012616667,151.2238383333,28874,,obscured,true,,,,Sutherland Shire - East,New South Wales,Australia,New South Wales,Sutherland Shire - East,Weedy Seadragon,Phyllopteryx taeniolatus,Weedy Seadragon,Actinopterygii,54536
36153405,2019/11/23 2:05 PM AEDT,2019-11-23,2019-11-23 03:05:00 UTC,Sydney,125670,andrewtrevor-jones,Andrew Trevor-Jones,2019-11-28 06:14:54 UTC,2019-11-29 02:19:24 UTC,research,CC-BY-NC,https://www.inaturalist.org/observations/36153405,https://static.inaturalist.org/photos/57114340/medium.jpg,,"Actinopterygii, Animals, Fish, Phyllopteryx taeniolatus, Seahorses, Syngnathidae, Syngnathiformes, Vertebrata, Vertebrates, Weedy seadragon, pipefish and allies",Phyllopteryx taeniolatus at The Monument. 11.9 m DSC_9880,2,0,false,,"New South Wales, AU",-34.1295754973,151.2463780944,,"Sutherland Shire - East, New South Wales, Australia",-34.0012616667,151.2238383333,28874,,obscured,true,,,,Sutherland Shire - East,New South Wales,Australia,New South Wales,Sutherland Shire - East,Weedy Seadragon,Phyllopteryx taeniolatus,Weedy Seadragon,Actinopterygii,54536
36153406,2019/11/23 1:59 PM AEDT,2019-11-23,2019-11-23 02:59:00 UTC,Sydney,125670,andrewtrevor-jones,Andrew Trevor-Jones,2019-11-28 06:14:54 UTC,2019-11-29 02:19:21 UTC,research,CC-BY-NC,https://www.inaturalist.org/observations/36153406,https://static.inaturalist.org/photos/57114333/medium.jpg,,"Actinopterygii, Animals, Fish, Phyllopteryx taeniolatus, Seahorses, Syngnathidae, Syngnathiformes, Vertebrata, Vertebrates, Weedy seadragon, pipefish and allies",Phyllopteryx taeniolatus at The Monument. 11.4m DSC_9868,2,0,false,,"New South Wales, AU",-34.0776121411,151.2474708341,,"Sutherland Shire - East, New South Wales, Australia",-34.0012616667,151.2238383333,28874,,obscured,true,,,,Sutherland Shire - East,New South Wales,Australia,New South Wales,Sutherland Shire - East,Weedy Seadragon,Phyllopteryx taeniolatus,Weedy Seadragon,Actinopterygii,54536
36175607,2019/11/24 3:00 PM AEDT,2019-11-24,2019-11-24 04:00:00 UTC,Sydney,125670,andrewtrevor-jones,Andrew Trevor-Jones,2019-11-29 01:43:26 UTC,2019-11-29 01:50:01 UTC,research,CC-BY-NC,https://www.inaturalist.org/observations/36175607,https://static.inaturalist.org/photos/57150526/medium.jpg,,"Actinopterygii, Animals, Fish, Phyllopteryx taeniolatus, Seahorses, Syngnathidae, Syngnathiformes, Vertebrata, Vertebrates, Weedy seadragon, pipefish and allies",Phyllopteryx taeniolatus at The Steps. 12.4m DSC_0110,2,0,false,,"New South Wales, AU",-34.0542473929,151.3199727055,,"Sutherland Shire - East, New South Wales, Australia",-34.0023116667,151.22535,28874,,obscured,true,,,,Sutherland Shire - East,New South Wales,Australia,New South Wales,Sutherland Shire - East,Weedy Seadragon,Phyllopteryx taeniolatus,Weedy Seadragon,Actinopterygii,54536
36175611,2019/11/24 2:53 PM AEDT,2019-11-24,2019-11-24 03:53:00 UTC,Sydney,125670,andrewtrevor-jones,Andrew Trevor-Jones,2019-11-29 01:43:32 UTC,2019-12-04 21:21:47 UTC,research,CC-BY-NC,https://www.inaturalist.org/observations/36175611,https://static.inaturalist.org/photos/57150548/medium.jpg,,"Actinopterygii, Animals, Fish, Phyllopteryx taeniolatus, Seahorses, Syngnathidae, Syngnathiformes, Vertebrata, Vertebrates, Weedy seadragon, pipefish and allies",Phyllopteryx taeniolatus at The Steps. 12.2m DSC_0084,4,0,false,,"New South Wales, AU",-34.0069172253,151.2480283598,,"Sutherland Shire - East, New South Wales, Australia",-34.0023116667,151.22535,28874,,obscured,true,,,,Sutherland Shire - East,New South Wales,Australia,New South Wales,Sutherland Shire - East,Weedy Seadragon,Phyllopteryx taeniolatus,Weedy Seadragon,Actinopterygii,54536
36175612,2019/11/24 2:45 PM AEDT,2019-11-24,2019-11-24 03:45:00 UTC,Sydney,125670,andrewtrevor-jones,Andrew Trevor-Jones,2019-11-29 01:43:34 UTC,2019-11-29 06:50:33 UTC,research,CC-BY-NC,https://www.inaturalist.org/observations/36175612,https://static.inaturalist.org/photos/57150570/medium.jpg,,"Actinopterygii, Animals, Fish, Phyllopteryx taeniolatus, Seahorses, Syngnathidae, Syngnathiformes, Vertebrata, Vertebrates, Weedy seadragon, pipefish and allies",Phyllopteryx taeniolatus at The Steps. 10.3m DSC_0070,3,0,false,,"New South Wales, AU",-34.0271862294,151.3297565877,,"Sutherland Shire - East, New South Wales, Australia",-34.0023116667,151.22535,28874,,obscured,true,,,,Sutherland Shire - East,New South Wales,Australia,New South Wales,Sutherland Shire - East,Weedy Seadragon,Phyllopteryx taeniolatus,Weedy Seadragon,Actinopterygii,54536
36282119,2019/11/30 11:32 AM AEDT,2019-11-30,2019-11-30 00:32:00 UTC,Sydney,125670,andrewtrevor-jones,Andrew Trevor-Jones,2019-12-02 07:08:24 UTC,2019-12-02 15:59:59 UTC,research,CC-BY-NC,https://www.inaturalist.org/observations/36282119,https://static.inaturalist.org/photos/57334038/medium.jpg,,"Actinopterygii, Animals, Fish, Phyllopteryx taeniolatus, Seahorses, Syngnathidae, Syngnathiformes, Vertebrata, Vertebrates, Weedy seadragon, pipefish and allies",Phyllopteryx taeniolatus at The Leap. 13.4m DSC_0464,3,0,false,,"New South Wales, AU",-34.1550583683,151.3223889134,,"New South Wales, Australia",-34.00443,151.22928,28874,,obscured,true,,,,Sutherland Shire - East,New South Wales,Australia,New South Wales,Sutherland Shire - East,Weedy Seadragon,Phyllopteryx taeniolatus,Weedy Seadragon,Actinopterygii,54536
36282139,2019/11/30 10:06 AM AEDT,2019-11-30,2019-11-29 23:06:00 UTC,Sydney,125670,andrewtrevor-jones,Andrew Trevor-Jones,2019-12-02 07:08:50 UTC,2019-12-03 02:07:58 UTC,research,CC-BY-NC,https://www.inaturalist.org/observations/36282139,https://static.inaturalist.org/photos/57334273/medium.jpg,,"Actinopterygii, Animals, Fish, Phyllopteryx taeniolatus, Seahorses, Syngnathidae, Syngnathiformes, Vertebrata, Vertebrates, Weedy seadragon, pipefish and allies",Phyllopteryx taeniolatus at The Leap. 19m DSC_0305,4,0,false,,"New South Wales, AU",-34.1072377236,151.3568465285,,"Sutherland Shire - East, New South Wales, Australia",-34.00443,151.22928,28874,,obscured,true,,,,Sutherland Shire - East,New South Wales,Australia,New South Wales,Sutherland Shire - East,Weedy Seadragon,Phyllopteryx taeniolatus,Weedy Seadragon,Actinopterygii,54536
36282140,2019/11/30 10:01 AM AEDT,2019-11-30,2019-11-29 23:01:00 UTC,Sydney,125670,andrewtrevor-jones,Andrew Trevor-Jones,2019-12-02 07:08:51 UTC,2019-12-02 15:59:39 UTC,research,CC-BY-NC,https://www.inaturalist.org/observations/36282140,https://static.inaturalist.org/photos/57334268/medium.jpg,,"Actinopterygii, Animals, Fish, Phyllopteryx taeniolatus, Seahorses, Syngnathidae, Syngnathiformes, Vertebrata, Vertebrates, Weedy seadragon, pipefish and allies",Phyllopteryx taeniolatus at The Leap. 19.8m DSC_0293,2,0,false,,"New South Wales, AU",-34.0971423927,151.2210255809,,"Sutherland Shire - East, New South Wales, Australia",-34.00443,151.22928,28874,,obscured,true,,,,Sutherland Shire - East,New South Wales,Australia,New South Wales,Sutherland Shire - East,Weedy Seadragon,Phyllopteryx taeniolatus,Weedy Seadragon,Actinopterygii,54536
36282144,2019/11/30 9:58 AM AEDT,2019-11-30,2019-11-29 22:58:00 UTC,Sydney,125670,andrewtrevor-jones,Andrew Trevor-Jones,2019-12-02 07:08:53 UTC,2019-12-02 15:59:38 UTC,research,CC-BY-NC,https://www.inaturalist.org/observations/36282144,https://static.inaturalist.org/photos/57334375/medium.jpg,,"Actinopterygii, Animals, Fish, Phyllopteryx taeniolatus, Seahorses, Syngnathidae, Syngnathiformes, Vertebrata, Vertebrates, Weedy seadragon, pipefish and allies",Phyllopteryx taeniolatus at The Leap. 20.6m DSC_0286,4,0,false,,"New South Wales, AU",-34.1921807111,151.3925269911,,"Sutherland Shire - East, New South Wales, Australia",-34.00443,151.22928,28874,,obscured,true,,,,Sutherland Shire - East,New South Wales,Australia,New South Wales,Sutherland Shire - East,Weedy Seadragon,Phyllopteryx taeniolatus,Weedy Seadragon,Actinopterygii,54536
36454107,2019/12/01 11:35 AM AEDT,2019-12-01,2019-12-01 00:35:00 UTC,Sydney,125670,andrewtrevor-jones,Andrew Trevor-Jones,2019-12-08 01:53:39 UTC,2019-12-09 21:09:20 UTC,research,CC-BY-NC,https://www.inaturalist.org/observations/36454107,https://static.inaturalist.org/photos/57624470/medium.jpg,,"Actinopterygii, Animals, Fish, Phyllopteryx taeniolatus, Seahorses, Syngnathidae, Syngnathiformes, Vertebrata, Vertebrates, Weedy seadragon, pipefish and allies",Phyllopteryx taeniolatus at The Monument. 12.7m DSC_0560,4,0,false,,"New South Wales, AU",-34.1765103967,151.3090585349,,"Sutherland Shire - East, New South Wales, Australia",-34.00175,151.22425,28874,,obscured,true,,,,Sutherland Shire - East,New South Wales,Australia,New South Wales,Sutherland Shire - East,Weedy Seadragon,Phyllopteryx taeniolatus,Weedy Seadragon,Actinopterygii,54536
36454119,2019/12/01 11:02 AM AEDT,2019-12-01,2019-12-01 00:02:00 UTC,Sydney,125670,andrewtrevor-jones,Andrew Trevor-Jones,2019-12-08 01:53:48 UTC,2019-12-08 09:10:41 UTC,research,CC-BY-NC,https://www.inaturalist.org/observations/36454119,https://static.inaturalist.org/photos/57624518/medium.jpg,,"Actinopterygii, Animals, Fish, Phyllopteryx taeniolatus, Seahorses, Syngnathidae, Syngnathiformes, Vertebrata, Vertebrates, Weedy seadragon, pipefish and allies",Phyllopteryx taeniolatus at The Monument. 12.2m DSC_0515,4,0,false,,"New South Wales, AU",-34.0801183159,151.2649613389,,"Sutherland Shire - East, New South Wales, Australia",-34.00175,151.22425,28874,,obscured,true,,,,Sutherland Shire - East,New South Wales,Australia,New South Wales,Sutherland Shire - East,Weedy Seadragon,Phyllopteryx taeniolatus,Weedy Seadragon,Actinopterygii,54536
36454120,2019/12/01 10:58 AM AEDT,2019-12-01,2019-11-30 23:58:00 UTC,Sydney,125670,andrewtrevor-jones,Andrew Trevor-Jones,2019-12-08 01:53:48 UTC,2019-12-08 09:13:14 UTC,research,CC-BY-NC,https://www.inaturalist.org/observations/36454120,https://static.inaturalist.org/photos/57624523/medium.jpg,,"Actinopterygii, Animals, Fish, Phyllopteryx taeniolatus, Seahorses, Syngnathidae, Syngnathiformes, Vertebrata, Vertebrates, Weedy seadragon, pipefish and allies",Phyllopteryx taeniolatus at The Monument. 12m DSC_0498,3,0,false,,"New South Wales, AU",-34.1344641617,151.2493343988,,"Sutherland Shire - East, New South Wales, Australia",-34.00175,151.22425,28874,,obscured,true,,,,Sutherland Shire - East,New South Wales,Australia,New South Wales,Sutherland Shire - East,Weedy Seadragon,Phyllopteryx taeniolatus,Weedy Seadragon,Actinopterygii,54536
37417371,2019/12/07 2:12 PM AEDT,2019-12-07,2019-12-07 03:12:00 UTC,Sydney,125670,andrewtrevor-jones,Andrew Trevor-Jones,2020-01-09 03:48:46 UTC,2020-01-09 05:05:41 UTC,research,CC-BY-NC,https://www.inaturalist.org/observations/37417371,https://static.inaturalist.org/photos/59313599/medium.jpg,,"Actinopterygii, Animals, Fish, Phyllopteryx taeniolatus, Seahorses, Syngnathidae, Syngnathiformes, Vertebrata, Vertebrates, Weedy seadragon, pipefish and allies",Phyllopteryx taeniolatus at The Steps. 12.7m DSC_0662,2,0,false,,"New South Wales, AU",-34.1591068159,151.3200331392,,"Sutherland Shire - East, New South Wales, Australia",-34.00233,151.2254116667,28874,,obscured,true,,,,Sutherland Shire - East,New South Wales,Australia,New South Wales,Sutherland Shire - East,Weedy Seadragon,Phyllopteryx taeniolatus,Weedy Seadragon,Actinopterygii,54536
37929486,2019/12/08 5:15 PM AEDT,2019-12-08,2019-12-08 06:15:00 UTC,Sydney,125670,andrewtrevor-jones,Andrew Trevor-Jones,2020-01-24 23:07:40 UTC,2021-11-05 06:54:11 UTC,research,CC-BY-NC,https://www.inaturalist.org/observations/37929486,https://static.inaturalist.org/photos/60205393/medium.jpg,,"Actinopterygii, Animals, Fish, Phyllopteryx taeniolatus, Seahorses, Syngnathidae, Syngnathiformes, Vertebrata, Vertebrates, Weedy seadragon, pipefish and allies",Phyllopteryx taeniolatus at The Monument. 11.3m DSC_0926,2,0,false,,"New South Wales, AU",-34.0128831652,151.3647806195,,"Sydney NSW, Australia",-34.00168,151.2242,28874,,obscured,true,,,,Sutherland Shire - East,New South Wales,Australia,New South Wales,Sutherland Shire - East,Weedy Seadragon,Phyllopteryx taeniolatus,Weedy Seadragon,Actinopterygii,54536
37929487,2019/12/08 5:18 PM AEDT,2019-12-08,2019-12-08 06:18:00 UTC,Sydney,125670,andrewtrevor-jones,Andrew Trevor-Jones,2020-01-24 23:07:40 UTC,2021-11-05 06:54:12 UTC,research,CC-BY-NC,https://www.inaturalist.org/observations/37929487,https://static.inaturalist.org/photos/60205412/medium.jpg,,"Actinopterygii, Animals, Fish, Phyllopteryx taeniolatus, Seahorses, Syngnathidae, Syngnathiformes, Vertebrata, Vertebrates, Weedy seadragon, pipefish and allies",Phyllopteryx taeniolatus at The Monument. 10.6m DSC_0939,3,0,false,,"New South Wales, AU",-34.0787348593,151.2839051899,,"Sydney NSW, Australia",-34.00168,151.2242,28874,,obscured,true,,,,Sutherland Shire - East,New South Wales,Australia,New South Wales,Sutherland Shire - East,Weedy Seadragon,Phyllopteryx taeniolatus,Weedy Seadragon,Actinopterygii,54536
37929495,2019/12/08 4:36 PM AEDT,2019-12-08,2019-12-08 05:36:00 UTC,Sydney,125670,andrewtrevor-jones,Andrew Trevor-Jones,2020-01-24 23:07:45 UTC,2021-11-05 06:54:14 UTC,research,CC-BY-NC,https://www.inaturalist.org/observations/37929495,https://static.inaturalist.org/photos/60205466/medium.jpg,,"Actinopterygii, Animals, Fish, Phyllopteryx taeniolatus, Seahorses, Syngnathidae, Syngnathiformes, Vertebrata, Vertebrates, Weedy seadragon, pipefish and allies",Phyllopteryx taeniolatus at The Monument. 12.4m DSC_0876,3,0,false,,"New South Wales, AU",-34.0102200121,151.2918118455,,"Sutherland Shire - East, New South Wales, Australia",-34.00168,151.2242,28874,,obscured,true,,,,Sutherland Shire - East,New South Wales,Australia,New South Wales,Sutherland Shire - East,Weedy Seadragon,Phyllopteryx taeniolatus,Weedy Seadragon,Actinopterygii,54536
37929497,2019/12/08 4:28 PM AEDT,2019-12-08,2019-12-08 05:28:00 UTC,Sydney,125670,andrewtrevor-jones,Andrew Trevor-Jones,2020-01-24 23:07:47 UTC,2021-11-05 06:54:14 UTC,research,CC-BY-NC,https://www.inaturalist.org/observations/37929497,https://static.inaturalist.org/photos/60205482/medium.jpg,,"Actinopterygii, Animals, Fish, Phyllopteryx taeniolatus, Seahorses, Syngnathidae, Syngnathiformes, Vertebrata, Vertebrates, Weedy seadragon, pipefish and allies",Phyllopteryx taeniolatus at The Monument. 12.7m DSC_0860,3,0,false,,"New South Wales, AU",-34.0904746873,151.3732658429,,"Sutherland Shire - East, New South Wales, Australia",-34.00168,151.2242,28874,,obscured,true,,,,Sutherland Shire - East,New South Wales,Australia,New South Wales,Sutherland Shire - East,Weedy Seadragon,Phyllopteryx taeniolatus,Weedy Seadragon,Actinopterygii,54536
37929510,2019/12/08 4:04 PM AEDT,2019-12-08,2019-12-08 05:04:00 UTC,Sydney,125670,andrewtrevor-jones,Andrew Trevor-Jones,2020-01-24 23:07:57 UTC,2021-11-05 06:54:19 UTC,research,CC-BY-NC,https://www.inaturalist.org/observations/37929510,https://static.inaturalist.org/photos/60205577/medium.jpg,,"Actinopterygii, Animals, Fish, Phyllopteryx taeniolatus, Seahorses, Syngnathidae, Syngnathiformes, Vertebrata, Vertebrates, Weedy seadragon, pipefish and allies",Phyllopteryx taeniolatus at The Monument. 11.8m DSC_0797,3,0,false,,"New South Wales, AU",-34.1693945388,151.3941609888,,"Sutherland Shire - East, New South Wales, Australia",-34.00168,151.2242,28874,,obscured,true,,,,Sutherland Shire - East,New South Wales,Australia,New South Wales,Sutherland Shire - East,Weedy Seadragon,Phyllopteryx taeniolatus,Weedy Seadragon,Actinopterygii,54536
37938158,2019/12/14 10:12 AM AEDT,2019-12-14,2019-12-13 23:12:00 UTC,Sydney,125670,andrewtrevor-jones,Andrew Trevor-Jones,2020-01-25 04:52:16 UTC,2021-11-05 06:54:22 UTC,research,CC-BY-NC,https://www.inaturalist.org/observations/37938158,https://static.inaturalist.org/photos/60220083/medium.jpg,,"Actinopterygii, Animals, Fish, Phyllopteryx taeniolatus, Seahorses, Syngnathidae, Syngnathiformes, Vertebrata, Vertebrates, Weedy seadragon, pipefish and allies",Phyllopteryx taeniolatus at The Leap. 13.3m DSC_1184,2,0,false,,"New South Wales, AU",-34.1690335682,151.2679705693,,"Kurnell NSW 2231, Australia",-34.00515,151.2290616667,28874,,obscured,true,,,,Sutherland Shire - East,New South Wales,Australia,New South Wales,Sutherland Shire - East,Weedy Seadragon,Phyllopteryx taeniolatus,Weedy Seadragon,Actinopterygii,54536
37938186,2019/12/14 8:53 AM AEDT,2019-12-14,2019-12-13 21:53:00 UTC,Sydney,125670,andrewtrevor-jones,Andrew Trevor-Jones,2020-01-25 04:52:32 UTC,2021-11-05 06:54:27 UTC,research,CC-BY-NC,https://www.inaturalist.org/observations/37938186,https://static.inaturalist.org/photos/60220245/medium.jpg,,"Actinopterygii, Animals, Fish, Phyllopteryx taeniolatus, Seahorses, Syngnathidae, Syngnathiformes, Vertebrata, Vertebrates, Weedy seadragon, pipefish and allies",Phyllopteryx taeniolatus at The Leap. 21.5m DSC_1008,2,0,false,,"New South Wales, AU",-34.1445335805,151.3913545974,,"Botany Bay, Sutherland Shire - East, New South Wales, Australia",-34.00515,151.2290616667,28874,,obscured,true,,,,Sutherland Shire - East,New South Wales,Australia,New South Wales,Sutherland Shire - East,Weedy Seadragon,Phyllopteryx taeniolatus,Weedy Seadragon,Actinopterygii,54536
37938192,2019/12/14 8:42 AM AEDT,2019-12-14,2019-12-13 21:42:00 UTC,Sydney,125670,andrewtrevor-jones,Andrew Trevor-Jones,2020-01-25 04:52:34 UTC,2021-11-05 06:54:29 UTC,research,CC-BY-NC,https://www.inaturalist.org/observations/37938192,https://static.inaturalist.org/photos/60220255/medium.jpg,,"Actinopterygii, Animals, Fish, Phyllopteryx taeniolatus, Seahorses, Syngnathidae, Syngnathiformes, Vertebrata, Vertebrates, Weedy seadragon, pipefish and allies",Phyllopteryx taeniolatus at The Leap. 21.9m DSC_0985,3,0,false,,"New South Wales, AU",-34.0452086451,151.3117211393,,"Botany Bay, Sutherland Shire - East, New South Wales, Australia",-34.00515,151.2290616667,28874,,obscured,true,,,,Sutherland Shire - East,New South Wales,Australia,New South Wales,Sutherland Shire - East,Weedy Seadragon,Phyllopteryx taeniolatus,Weedy Seadragon,Actinopterygii,54536
38040721,2019/12/15 9:41 AM AEDT,2019-12-15,2019-12-14 22:41:00 UTC,Sydney,125670,andrewtrevor-jones,Andrew Trevor-Jones,2020-01-27 22:41:20 UTC,2021-11-05 06:54:42 UTC,research,CC-BY-NC,https://www.inaturalist.org/observations/38040721,https://static.inaturalist.org/photos/60400318/medium.jpg,,"Actinopterygii, Animals, Fish, Phyllopteryx taeniolatus, Seahorses, Syngnathidae, Syngnathiformes, Vertebrata, Vertebrates, Weedy seadragon, pipefish and allies",Phyllopteryx taeniolatus at The Steps. 13.2m DSC_1250,3,0,false,,"New South Wales, AU",-34.1387410305,151.388063511,,"Sutherland Shire - East, New South Wales, Australia",-34.00248,151.2252616667,28874,,obscured,true,,,,Sutherland Shire - East,New South Wales,Australia,New South Wales,Sutherland Shire - East,Weedy Seadragon,Phyllopteryx taeniolatus,Weedy Seadragon,Actinopterygii,54536
38041722,2019/12/17 12:50 PM AEDT,2019-12-17,2019-12-17 01:50:00 UTC,Sydney,125670,andrewtrevor-jones,Andrew Trevor-Jones,2020-01-27 23:13:17 UTC,2021-11-05 06:54:43 UTC,research,CC-BY-NC,https://www.inaturalist.org/observations/38041722,https://static.inaturalist.org/photos/60402095/medium.jpg,,"Actinopterygii, Animals, Fish, Phyllopteryx taeniolatus, Seahorses, Syngnathidae, Syngnathiformes, Vertebrata, Vertebrates, Weedy seadragon, pipefish and allies",Phyllopteryx taeniolatus at The Leap. 13.4m DSC_1692,3,0,false,,"New South Wales, AU",-34.0928215204,151.3177863092,,"Kurnell NSW 2231, Australia",-34.0050616667,151.2292,28874,,obscured,true,,,,Sutherland Shire - East,New South Wales,Australia,New South Wales,Sutherland Shire - East,Weedy Seadragon,Phyllopteryx taeniolatus,Weedy Seadragon,Actinopterygii,54536
38041732,2019/12/17 12:48 PM AEDT,2019-12-17,2019-12-17 01:48:00 UTC,Sydney,125670,andrewtrevor-jones,Andrew Trevor-Jones,2020-01-27 23:13:22 UTC,2021-11-05 06:54:45 UTC,research,CC-BY-NC,https://www.inaturalist.org/observations/38041732,https://static.inaturalist.org/photos/60402109/medium.jpg,,"Actinopterygii, Animals, Fish, Phyllopteryx taeniolatus, Seahorses, Syngnathidae, Syngnathiformes, Vertebrata, Vertebrates, Weedy seadragon, pipefish and allies",Phyllopteryx taeniolatus at The Leap. 12.3m DSC_1687,3,0,false,,"New South Wales, AU",-34.0618313638,151.2044218639,,"Kurnell NSW 2231, Australia",-34.0050616667,151.2292,28874,,obscured,true,,,,Sutherland Shire - East,New South Wales,Australia,New South Wales,Sutherland Shire - East,Weedy Seadragon,Phyllopteryx taeniolatus,Weedy Seadragon,Actinopterygii,54536
38041760,2019/12/17 11:53 AM AEDT,2019-12-17,2019-12-17 00:53:00 UTC,Sydney,125670,andrewtrevor-jones,Andrew Trevor-Jones,2020-01-27 23:13:34 UTC,2021-11-05 06:54:50 UTC,research,CC-BY-NC,https://www.inaturalist.org/observations/38041760,https://static.inaturalist.org/photos/60402216/medium.jpg,,"Actinopterygii, Animals, Fish, Phyllopteryx taeniolatus, Seahorses, Syngnathidae, Syngnathiformes, Vertebrata, Vertebrates, Weedy seadragon, pipefish and allies",Phyllopteryx taeniolatus at The Leap. 16.8m DSC_1556,4,0,false,,"New South Wales, AU",-34.0079139745,151.223926532,,"Botany Bay, Sutherland Shire - East, New South Wales, Australia",-34.0050616667,151.2292,28874,,obscured,true,,,,Sutherland Shire - East,New South Wales,Australia,New South Wales,Sutherland Shire - East,Weedy Seadragon,Phyllopteryx taeniolatus,Weedy Seadragon,Actinopterygii,54536
38041765,2019/12/17 11:40 AM AEDT,2019-12-17,2019-12-17 00:40:00 UTC,Sydney,125670,andrewtrevor-jones,Andrew Trevor-Jones,2020-01-27 23:13:37 UTC,2021-11-05 06:54:51 UTC,research,CC-BY-NC,https://www.inaturalist.org/observations/38041765,https://static.inaturalist.org/photos/60402234/medium.jpg,,"Actinopterygii, Animals, Fish, Phyllopteryx taeniolatus, Seahorses, Syngnathidae, Syngnathiformes, Vertebrata, Vertebrates, Weedy seadragon, pipefish and allies",Phyllopteryx taeniolatus at The Leap. 20.4m DSC_1530,3,0,false,,"New South Wales, AU",-34.1949185187,151.3600623026,,"Botany Bay, Sutherland Shire - East, New South Wales, Australia",-34.0050616667,151.2292,28874,,obscured,true,,,,Sutherland Shire - East,New South Wales,Australia,New South Wales,Sutherland Shire - East,Weedy Seadragon,Phyllopteryx taeniolatus,Weedy Seadragon,Actinopterygii,54536
38041770,2019/12/17 11:41 AM AEDT,2019-12-17,2019-12-17 00:41:00 UTC,Sydney,125670,andrewtrevor-jones,Andrew Trevor-Jones,2020-01-27 23:13:39 UTC,2021-11-05 06:54:51 UTC,research,CC-BY-NC,https://www.inaturalist.org/observations/38041770,https://static.inaturalist.org/photos/60402237/medium.jpg,,"Actinopterygii, Animals, Fish, Phyllopteryx taeniolatus, Seahorses, Syngnathidae, Syngnathiformes, Vertebrata, Vertebrates, Weedy seadragon, pipefish and allies",Phyllopteryx taeniolatus at The Leap. 20.4m DSC_1535,3,0,false,,"New South Wales, AU",-34.1003666516,151.3792657222,,"Botany Bay, Sutherland Shire - East, New South Wales, Australia",-34.0050616667,151.2292,28874,,obscured,true,,,,Sutherland Shire - East,New South Wales,Australia,New South Wales,Sutherland Shire - East,Weedy Seadragon,Phyllopteryx taeniolatus,Weedy Seadragon,Actinopterygii,54536
38041776,2019/12/17 11:16 AM AEDT,2019-12-17,2019-12-17 00:16:00 UTC,Sydney,125670,andrewtrevor-jones,Andrew Trevor-Jones,2020-01-27 23:13:42 UTC,2021-11-05 06:54:53 UTC,research,CC-BY-NC,https://www.inaturalist.org/observations/38041776,https://static.inaturalist.org/photos/60402259/medium.jpg,,"Actinopterygii, Animals, Fish, Phyllopteryx taeniolatus, Seahorses, Syngnathidae, Syngnathiformes, Vertebrata, Vertebrates, Weedy seadragon, pipefish and allies",Phyllopteryx taeniolatus at The Leap. 21.7 m DSC_1472,5,0,false,,"New South Wales, AU",-34.1310398959,151.2200520176,,"Botany Bay, Sutherland Shire - East, New South Wales, Australia",-34.0050616667,151.2292,28874,,obscured,true,,,,Sutherland Shire - East,New South Wales,Australia,New South Wales,Sutherland Shire - East,Weedy Seadragon,Phyllopteryx taeniolatus,Weedy Seadragon,Actinopterygii,54536
38049457,2019/12/22 8:34 AM AEDT,2019-12-22,2019-12-21 21:34:00 UTC,Sydney,125670,andrewtrevor-jones,Andrew Trevor-Jones,2020-01-28 04:14:56 UTC,2021-11-05 06:55:04 UTC,research,CC-BY-NC,https://www.inaturalist.org/observations/38049457,https://static.inaturalist.org/photos/60415803/medium.jpg,,"Actinopterygii, Animals, Fish, Phyllopteryx taeniolatus, Seahorses, Syngnathidae, Syngnathiformes, Vertebrata, Vertebrates, Weedy seadragon, pipefish and allies",Phyllopteryx taeniolatus at The Steps. 12.5m DSC_1727,4,0,false,,"New South Wales, AU",-34.0608457502,151.2678181706,,"Sutherland Shire - East, New South Wales, Australia",-34.00252,151.2254,28874,,obscured,true,,,,Sutherland Shire - East,New South Wales,Australia,New South Wales,Sutherland Shire - East,Weedy Seadragon,Phyllopteryx taeniolatus,Weedy Seadragon,Actinopterygii,54536
38112767,2019/12/26 8:38 AM AEDT,2019-12-26,2019-12-25 21:38:00 UTC,Sydney,125670,andrewtrevor-jones,Andrew Trevor-Jones,2020-01-30 06:39:45 UTC,2021-11-05 06:55:29 UTC,research,CC-BY-NC,https://www.inaturalist.org/observations/38112767,https://static.inaturalist.org/photos/60526969/medium.jpg,,"Actinopterygii, Animals, Fish, Phyllopteryx taeniolatus, Seahorses, Syngnathidae, Syngnathiformes, Vertebrata, Vertebrates, Weedy seadragon, pipefish and allies",Phyllopteryx taeniolatus at The Steps. 11.1m DSC_1970,5,0,false,,"New South Wales, AU",-34.0200491362,151.2896336722,,"Sutherland Shire - East, New South Wales, Australia",-34.00247,151.2255116667,28874,,obscured,true,,,,Sutherland Shire - East,New South Wales,Australia,New South Wales,Sutherland Shire - East,Weedy Seadragon,Phyllopteryx taeniolatus,Weedy Seadragon,Actinopterygii,54536
38112772,2019/12/26 8:34 AM AEDT,2019-12-26,2019-12-25 21:34:00 UTC,Sydney,125670,andrewtrevor-jones,Andrew Trevor-Jones,2020-01-30 06:39:48 UTC,2021-11-05 06:55:30 UTC,research,CC-BY-NC,https://www.inaturalist.org/observations/38112772,https://static.inaturalist.org/photos/60526977/medium.jpg,,"Actinopterygii, Animals, Fish, Phyllopteryx taeniolatus, Seahorses, Syngnathidae, Syngnathiformes, Vertebrata, Vertebrates, Weedy seadragon, pipefish and allies",Phyllopteryx taeniolatus at The Steps. 12.8m DSC_1956,5,0,false,,"New South Wales, AU",-34.1818529731,151.3937263951,,"Sutherland Shire - East, New South Wales, Australia",-34.00247,151.2255116667,28874,,obscured,true,,,,Sutherland Shire - East,New South Wales,Australia,New South Wales,Sutherland Shire - East,Weedy Seadragon,Phyllopteryx taeniolatus,Weedy Seadragon,Actinopterygii,54536
38112774,2019/12/26 8:33 AM AEDT,2019-12-26,2019-12-25 21:33:00 UTC,Sydney,125670,andrewtrevor-jones,Andrew Trevor-Jones,2020-01-30 06:39:49 UTC,2021-11-05 06:55:31 UTC,research,CC-BY-NC,https://www.inaturalist.org/observations/38112774,https://static.inaturalist.org/photos/60526982/medium.jpg,,"Actinopterygii, Animals, Fish, Phyllopteryx taeniolatus, Seahorses, Syngnathidae, Syngnathiformes, Vertebrata, Vertebrates, Weedy seadragon, pipefish and allies",Phyllopteryx taeniolatus at The Steps. 13.1m DSC_1945,4,0,false,,"New South Wales, AU",-34.1834691763,151.3365909589,,"Sutherland Shire - East, New South Wales, Australia",-34.00247,151.2255116667,28874,,obscured,true,,,,Sutherland Shire - East,New South Wales,Australia,New South Wales,Sutherland Shire - East,Weedy Seadragon,Phyllopteryx taeniolatus,Weedy Seadragon,Actinopterygii,54536
38352497,2019/12/29 10:10 AM AEDT,2019-12-29,2019-12-28 23:10:00 UTC,Sydney,125670,andrewtrevor-jones,Andrew Trevor-Jones,2020-02-06 06:31:12 UTC,2021-11-05 06:56:51 UTC,research,CC-BY-NC,https://www.inaturalist.org/observations/38352497,https://static.inaturalist.org/photos/60941343/medium.jpg,,"Actinopterygii, Animals, Fish, Phyllopteryx taeniolatus, Seahorses, Syngnathidae, Syngnathiformes, Vertebrata, Vertebrates, Weedy seadragon, pipefish and allies",Phyllopteryx taeniolatus at The Leap. 13m DSC_2408,3,0,false,,"New South Wales, AU",-34.1051848387,151.2728296274,,"Kurnell NSW 2231, Australia",-34.0051,151.2291383333,28874,,obscured,true,,,,Sutherland Shire - East,New South Wales,Australia,New South Wales,Sutherland Shire - East,Common Sea Dragon,Phyllopteryx taeniolatus,Weedy Seadragon,Actinopterygii,54536
38352518,2019/12/29 9:05 AM AEDT,2019-12-29,2019-12-28 22:05:00 UTC,Sydney,125670,andrewtrevor-jones,Andrew Trevor-Jones,2020-02-06 06:31:30 UTC,2021-11-05 06:56:59 UTC,research,CC-BY-NC,https://www.inaturalist.org/observations/38352518,https://static.inaturalist.org/photos/60941426/medium.jpg,,"Actinopterygii, Animals, Fish, Phyllopteryx taeniolatus, Seahorses, Syngnathidae, Syngnathiformes, Vertebrata, Vertebrates, Weedy seadragon, pipefish and allies",Phyllopteryx taeniolatus at The Leap. 19.8m DSC_2243,2,0,false,,"New South Wales, AU",-34.1111405071,151.3859641911,,"Botany Bay, Sutherland Shire - East, New South Wales, Australia",-34.0051,151.2291383333,28874,,obscured,true,,,,Sutherland Shire - East,New South Wales,Australia,New South Wales,Sutherland Shire - East,Weedy Seadragon,Phyllopteryx taeniolatus,Weedy Seadragon,Actinopterygii,54536
38352520,2019/12/29 9:03 AM AEDT,2019-12-29,2019-12-28 22:03:00 UTC,Sydney,125670,andrewtrevor-jones,Andrew Trevor-Jones,2020-02-06 06:31:31 UTC,2022-01-21 06:46:06 UTC,research,CC-BY-NC,https://www.inaturalist.org/observations/38352520,https://static.inaturalist.org/photos/60941421/medium.jpg,,"Actinopterygii, Animals, Fish, Phyllopteryx taeniolatus, Seahorses, Syngnathidae, Syngnathiformes, Vertebrata, Vertebrates, Weedy seadragon, pipefish and allies",Phyllopteryx taeniolatus at The Leap. 20.3m DSC_2237,2,0,false,,"New South Wales, AU",-34.1784382263,151.2642214808,,"Botany Bay, Sutherland Shire - East, New South Wales, Australia",-34.0051,151.2291383333,28874,,obscured,true,,,,Sutherland Shire - East,New South Wales,Australia,New South Wales,Sutherland Shire - East,Weedy Seadragon,Phyllopteryx taeniolatus,Weedy Seadragon,Actinopterygii,54536
63944333,2020/01/02 11:37 AM AEDT,2020-01-02,2020-01-02 00:37:00 UTC,Sydney,125670,andrewtrevor-jones,Andrew Trevor-Jones,2020-11-01 06:45:41 UTC,2021-03-11 15:39:55 UTC,research,CC-BY-NC,https://www.inaturalist.org/observations/63944333,https://static.inaturalist.org/photos/102712766/medium.jpg,,"Actinopterygii, Animals, Fish, Phyllopteryx taeniolatus, Seahorses, Syngnathidae, Syngnathiformes, Vertebrata, Vertebrates, Weedy seadragon, pipefish and allies",Phyllopteryx taeniolatus at The Monument. 12.5 m DSC_2618,2,0,false,,"New South Wales, AU",-34.137518211,151.2259703098,,"Sutherland Shire - East, New South Wales, Australia",-34.0016,151.2242,28874,,obscured,true,,,,Sutherland Shire - East,New South Wales,Australia,New South Wales,Sutherland Shire - East,Weedy Seadragon,Phyllopteryx taeniolatus,Weedy Seadragon,Actinopterygii,54536
104162309,2022/01/02 7:36 AM AEDT,2022-01-02,2022-01-01 20:36:00 UTC,Sydney,125670,andrewtrevor-jones,Andrew Trevor-Jones,2022-01-02 05:35:26 UTC,2022-01-21 01:27:17 UTC,research,CC-BY-NC,https://www.inaturalist.org/observations/104162309,https://static.inaturalist.org/photos/174508949/medium.jpg,,"Actinopterygii, Animals, Fish, Phyllopteryx taeniolatus, Seahorses, Syngnathidae, Syngnathiformes, Vertebrata, Vertebrates, Weedy seadragon, pipefish and allies","Juvenile Weedy Seadragon, Phyllopteryx taeniolatus, at Kurnell, New South Wales, Australia. Depth: 12.2m.",2,0,false,,"New South Wales, AU",-34.0379575622,151.2103171156,,"Sydney NSW, Australia",-34.00241944,151.22551944,28874,,obscured,true,,,,Sutherland Shire - East,New South Wales,Australia,New South Wales,Sutherland Shire - East,Weedy Seadragon,Phyllopteryx taeniolatus,Weedy Seadragon,Actinopterygii,54536
